Date,M1,M2,M3,M4,M5,M6,M7,M8,M9,Grand Total,,,
4/1/16 12:00 AM,0,2,2,2,2,2,3,1,2,16,,,
4/1/16 1:00 AM,1,0,2,3,1,1,1,1,1,11,,,
4/1/16 2:00 AM,3,1,0,0,2,2,2,0,2,12,,,
4/1/16 3:00 AM,3,1,2,1,1,2,1,4,2,17,,,
4/1/16 4:00 AM,2,1,1,3,1,1,1,1,2,13,,,
4/1/16 5:00 AM,1,0,1,2,2,0,1,0,1,8,,,
4/1/16 6:00 AM,4,0,0,3,3,1,3,1,0,15,,,
4/1/16 7:00 AM,2,1,1,3,2,1,3,0,1,14,,,
4/1/16 8:00 AM,0,0,2,2,0,1,1,2,1,9,,,
4/1/16 9:00 AM,1,1,1,2,1,0,2,0,1,9,,,
4/1/16 10:00 AM,1,1,1,0,1,1,3,1,1,10,,,
4/1/16 11:00 AM,0,1,2,2,2,0,1,1,2,11,,,
4/1/16 12:00 PM,1,1,0,1,1,1,0,1,2,8,,,
4/1/16 1:00 PM,1,1,1,2,4,1,0,1,3,14,,,
4/1/16 2:00 PM,1,0,0,2,1,0,1,1,2,8,,,
4/1/16 3:00 PM,0,1,0,1,1,1,0,1,1,6,,,
4/1/16 4:00 PM,1,1,2,2,1,1,1,1,1,11,,,
4/1/16 5:00 PM,1,3,0,1,2,1,1,1,1,11,,,0
4/1/16 6:00 PM,0,1,0,1,1,0,0,1,0,4,,,
4/1/16 7:00 PM,1,1,1,1,2,0,1,3,0,10,,,
4/1/16 8:00 PM,3,1,0,1,2,0,2,0,2,11,,,
4/1/16 9:00 PM,0,2,2,1,1,0,0,1,1,8,,,
4/1/16 10:00 PM,2,1,2,3,1,1,1,2,2,15,,,
4/1/16 11:00 PM,1,0,1,1,2,1,1,1,1,9,,,
4/2/16 1:00 AM,3,0,0,0,1,1,2,1,1,9,,,
4/2/16 2:00 AM,0,1,1,3,3,0,2,0,2,12,,,
4/2/16 3:00 AM,1,1,1,2,2,0,2,2,2,13,,,
4/2/16 4:00 AM,2,2,0,2,2,1,2,1,1,13,,,
4/2/16 5:00 AM,0,1,0,1,1,0,2,1,1,7,,,
4/2/16 6:00 AM,2,2,1,2,2,1,0,0,2,12,,,
4/2/16 7:00 AM,3,1,0,0,1,0,0,2,0,7,,,
4/2/16 8:00 AM,4,1,1,1,2,2,1,2,2,16,,,
4/2/16 9:00 AM,1,0,1,2,1,1,1,2,2,11,,,
4/2/16 10:00 AM,2,2,1,0,2,0,1,0,2,10,,,
4/2/16 11:00 AM,0,0,0,1,1,1,0,2,2,7,,,
4/2/16 12:00 PM,0,2,1,2,1,1,1,3,1,12,,,
4/2/16 1:00 PM,0,3,2,1,2,0,1,2,1,12,,,
4/2/16 2:00 PM,3,3,1,1,0,2,0,1,1,12,,,
4/2/16 3:00 PM,1,1,3,2,2,0,1,4,2,16,,,
4/2/16 4:00 PM,3,1,0,0,2,3,3,1,2,15,,,
4/2/16 5:00 PM,3,2,0,2,1,2,2,3,0,15,,,
4/2/16 6:00 PM,2,3,0,2,1,1,0,0,0,9,,,
4/2/16 7:00 PM,0,0,1,1,2,0,0,0,2,6,,,
4/2/16 8:00 PM,2,1,0,1,2,2,1,2,0,11,,,
4/2/16 9:00 PM,2,2,1,1,3,1,0,1,2,13,,,
4/2/16 10:00 PM,4,0,1,2,3,2,1,1,2,16,,,
4/2/16 11:00 PM,2,0,3,1,1,2,1,0,2,12,,,
4/3/16 12:00 AM,2,0,0,0,0,1,2,0,0,5,,,
4/3/16 1:00 AM,0,1,2,1,1,1,0,1,2,9,,,
4/3/16 2:00 AM,1,2,2,2,1,1,1,0,2,12,,,
4/3/16 3:00 AM,4,0,1,4,2,1,1,2,1,16,,,
4/3/16 4:00 AM,3,2,1,1,1,1,2,1,0,12,,,
4/3/16 5:00 AM,1,3,1,0,2,1,0,2,1,11,,,
4/3/16 6:00 AM,2,3,2,1,1,0,2,2,0,13,,,
4/3/16 7:00 AM,3,1,0,1,3,3,1,0,3,15,,,
4/3/16 8:00 AM,2,0,0,2,1,1,2,0,0,8,,,
4/3/16 9:00 AM,2,1,1,3,2,2,1,3,2,17,,,
4/3/16 10:00 AM,1,1,0,3,1,1,0,2,2,11,,,
4/3/16 11:00 AM,4,1,1,1,0,1,0,1,1,10,,,
4/3/16 12:00 PM,2,1,2,2,1,1,1,1,2,13,,,
4/3/16 1:00 PM,1,1,1,1,2,1,1,0,2,10,,,
4/3/16 2:00 PM,1,1,2,3,1,1,3,3,2,17,,,
4/3/16 3:00 PM,1,0,0,1,3,0,2,1,3,11,,,
4/3/16 4:00 PM,1,0,0,1,2,0,2,2,0,8,,,
4/3/16 5:00 PM,3,2,2,2,1,1,1,0,2,14,,,
4/3/16 6:00 PM,1,1,2,2,2,0,0,1,3,12,,,
4/3/16 7:00 PM,0,2,1,1,2,1,0,0,2,9,,,
4/3/16 8:00 PM,2,2,1,1,2,1,1,1,1,12,,,
4/3/16 9:00 PM,1,1,0,2,2,1,2,0,1,10,,,
4/3/16 10:00 PM,2,0,0,1,3,1,0,3,1,11,,,
4/3/16 11:00 PM,3,1,2,1,2,0,4,1,2,16,,,
4/4/16 12:00 AM,2,1,2,1,1,2,0,2,0,11,,,
4/4/16 1:00 AM,2,2,0,4,0,0,1,1,2,12,,,
4/4/16 2:00 AM,1,1,2,2,1,0,1,1,0,9,,,
4/4/16 3:00 AM,2,0,1,2,2,1,1,0,0,9,,,
4/4/16 4:00 AM,0,0,1,1,2,0,2,2,3,11,,,
4/4/16 5:00 AM,2,3,0,3,3,0,3,2,2,18,,,
4/4/16 6:00 AM,2,2,1,0,2,0,2,1,2,12,,,
4/4/16 7:00 AM,3,2,0,2,3,1,0,1,3,15,,,
4/4/16 8:00 AM,3,1,1,2,0,1,1,0,1,10,,,
4/4/16 9:00 AM,1,2,0,0,2,1,1,2,0,9,,,
4/4/16 10:00 AM,2,2,1,2,0,0,1,1,1,10,,,
4/4/16 11:00 AM,1,0,0,1,3,0,3,3,0,11,,,
4/4/16 12:00 PM,2,2,1,1,1,2,3,1,3,16,,,
4/4/16 1:00 PM,2,2,3,3,1,2,1,0,2,16,,,
4/4/16 2:00 PM,1,0,1,2,3,1,1,1,3,13,,,
4/4/16 3:00 PM,1,0,2,1,1,2,1,2,3,13,,,
4/4/16 4:00 PM,2,1,2,2,1,2,1,0,3,14,,,
4/4/16 5:00 PM,2,1,1,1,2,1,1,2,1,12,,,
4/4/16 6:00 PM,3,2,0,2,1,1,2,0,1,12,,,
4/4/16 7:00 PM,1,1,2,2,2,1,2,0,1,12,,,
4/4/16 8:00 PM,0,0,3,2,2,2,1,1,3,14,,,
4/4/16 9:00 PM,1,0,1,2,2,3,0,0,2,11,,,
4/4/16 10:00 PM,3,2,3,0,0,2,0,3,2,15,,,
4/4/16 11:00 PM,2,2,0,1,2,1,1,1,2,12,,,
4/5/16 12:00 AM,1,0,1,2,0,1,1,1,1,8,,,
4/5/16 1:00 AM,2,1,1,2,3,0,2,1,2,14,,,
4/5/16 2:00 AM,1,0,2,1,1,1,0,1,2,9,,,
4/5/16 3:00 AM,3,2,2,2,2,1,0,0,2,14,,,
4/5/16 4:00 AM,2,2,0,1,2,1,1,4,0,13,,,
4/5/16 5:00 AM,2,2,2,3,2,2,3,2,2,20,,,
4/5/16 6:00 AM,1,0,3,2,0,2,0,3,1,12,,,
4/5/16 7:00 AM,1,2,0,2,0,1,1,0,2,9,,,
4/5/16 8:00 AM,1,0,3,2,3,0,2,1,2,14,,,
4/5/16 9:00 AM,3,0,1,1,1,2,2,2,1,13,,,
4/5/16 10:00 AM,2,1,1,0,3,2,2,1,2,14,,,
4/5/16 11:00 AM,1,1,1,1,3,0,1,0,3,11,,,
4/5/16 12:00 PM,2,2,0,2,1,1,1,2,3,14,,,
4/5/16 1:00 PM,2,1,0,2,2,1,2,2,4,16,,,
4/5/16 2:00 PM,2,2,1,1,3,1,1,1,2,14,,,
4/5/16 3:00 PM,3,1,1,3,1,1,0,0,1,11,,,
4/5/16 4:00 PM,1,2,3,2,1,2,0,0,2,13,,,
4/5/16 5:00 PM,1,1,1,2,2,0,2,2,2,13,,,
4/5/16 6:00 PM,0,0,1,1,4,1,2,1,4,14,,,
4/5/16 7:00 PM,0,1,0,0,1,1,2,2,0,7,,,
4/5/16 8:00 PM,1,1,0,2,1,2,2,0,2,11,,,
4/5/16 9:00 PM,2,0,3,1,2,2,0,1,2,13,,,
4/5/16 10:00 PM,3,3,1,1,4,2,3,0,3,20,,,
4/5/16 11:00 PM,1,1,0,2,2,3,1,2,2,14,,,
4/6/16 1:00 AM,2,2,2,2,2,1,0,1,1,13,,,
4/6/16 2:00 AM,2,1,3,1,1,2,1,3,3,17,,,
4/6/16 3:00 AM,2,1,1,2,0,1,1,1,1,10,,,
4/6/16 4:00 AM,1,1,1,2,1,2,3,0,2,13,,,
4/6/16 5:00 AM,1,0,3,1,2,0,2,2,0,11,,,
4/6/16 6:00 AM,2,1,2,1,1,0,2,2,1,12,,,
4/6/16 7:00 AM,0,1,3,2,0,1,0,2,1,10,,,
4/6/16 8:00 AM,2,1,0,1,2,2,1,0,1,10,,,
4/6/16 9:00 AM,1,0,0,2,2,2,0,1,2,10,,,
4/6/16 10:00 AM,1,0,0,0,3,2,2,3,1,12,,,
4/6/16 11:00 AM,1,1,1,1,2,3,3,1,2,15,,,
4/6/16 12:00 PM,1,0,1,1,0,0,2,2,1,8,,,
4/6/16 1:00 PM,2,0,0,2,2,1,0,0,1,8,,,
4/6/16 2:00 PM,0,2,3,0,0,0,1,0,2,8,,,
4/6/16 3:00 PM,3,2,0,0,2,1,0,1,2,11,,,
4/6/16 4:00 PM,1,0,1,2,3,1,0,0,1,9,,,
4/6/16 5:00 PM,1,0,3,1,3,0,4,1,3,16,,,
4/6/16 6:00 PM,3,3,2,1,1,0,1,0,2,13,,,
4/6/16 7:00 PM,2,2,0,2,0,1,1,1,2,11,,,
4/6/16 8:00 PM,3,0,1,3,3,3,1,2,2,18,,,
4/6/16 9:00 PM,2,2,2,3,0,2,2,2,0,15,,,
4/6/16 10:00 PM,2,1,0,1,2,1,2,1,1,11,,,
4/6/16 11:00 PM,1,1,0,3,4,1,0,1,3,14,,,
4/7/16 12:00 AM,2,1,0,1,2,1,0,1,1,9,,,
4/7/16 1:00 AM,2,1,1,1,2,2,1,2,2,14,,,
4/7/16 2:00 AM,1,1,0,0,2,3,2,0,0,9,,,
4/7/16 3:00 AM,1,2,0,2,2,1,0,4,2,14,,,
4/7/16 4:00 AM,4,1,1,0,2,2,1,0,3,14,,,
4/7/16 5:00 AM,1,1,2,1,3,0,0,0,1,9,,,
4/7/16 6:00 AM,1,1,1,1,1,0,1,2,0,8,,,
4/7/16 7:00 AM,2,0,2,2,2,1,0,0,1,10,,,
4/7/16 8:00 AM,2,1,1,1,1,2,2,1,1,12,,,
4/7/16 9:00 AM,1,0,1,2,2,1,1,1,2,11,,,
4/7/16 10:00 AM,2,1,1,1,2,1,1,1,1,11,,,
4/7/16 11:00 AM,3,1,3,1,2,0,1,1,2,14,,,
4/7/16 12:00 PM,3,1,0,1,1,0,3,0,2,11,,,
4/7/16 1:00 PM,1,2,1,1,2,0,3,0,1,11,,,
4/7/16 2:00 PM,1,1,1,2,3,2,1,1,0,12,,,
4/7/16 3:00 PM,0,0,2,0,1,0,1,0,3,7,,,
4/7/16 4:00 PM,2,1,2,1,0,1,0,1,1,9,,,
4/7/16 5:00 PM,4,0,1,1,1,2,1,0,2,12,,,
4/7/16 6:00 PM,1,1,1,3,2,0,2,0,0,10,,,
4/7/16 7:00 PM,2,0,0,1,2,1,0,2,1,9,,,
4/7/16 8:00 PM,0,1,1,2,0,2,0,0,3,9,,,
4/7/16 9:00 PM,1,2,0,1,1,0,2,2,2,11,,,
4/7/16 10:00 PM,1,2,2,2,2,2,1,0,2,14,,,
4/7/16 11:00 PM,1,1,0,1,3,0,1,2,0,9,,,
4/8/16 12:00 AM,1,1,0,1,2,1,0,1,0,7,,,
4/8/16 1:00 AM,3,2,1,3,1,1,0,2,1,14,,,
4/8/16 2:00 AM,3,0,2,0,3,1,1,0,0,10,,,
4/8/16 3:00 AM,1,2,0,0,2,0,2,2,1,10,,,
4/8/16 4:00 AM,2,1,1,2,0,0,1,1,2,10,,,
4/8/16 5:00 AM,2,2,0,2,2,3,1,2,2,16,,,
4/8/16 6:00 AM,1,1,1,2,1,1,3,2,0,12,,,
4/8/16 7:00 AM,3,2,0,3,1,1,0,1,2,13,,,
4/8/16 8:00 AM,2,0,1,2,1,0,1,1,3,11,,,
4/8/16 9:00 AM,2,2,3,0,1,0,0,1,2,11,,,
4/8/16 10:00 AM,0,2,1,0,0,1,3,1,3,11,,,
4/8/16 11:00 AM,0,2,3,1,1,2,3,2,3,17,,,
4/8/16 12:00 PM,3,1,1,0,0,2,1,1,2,11,,,
4/8/16 1:00 PM,3,2,2,0,0,2,1,0,1,11,,,
4/8/16 2:00 PM,1,0,2,0,0,0,1,3,1,8,,,
4/8/16 3:00 PM,2,3,2,0,1,2,0,2,2,14,,,
4/8/16 4:00 PM,1,2,2,0,0,1,1,0,1,8,,,
4/8/16 5:00 PM,2,1,2,2,1,1,2,1,1,13,,,
4/8/16 6:00 PM,1,1,0,1,0,1,0,1,3,8,,,
4/8/16 7:00 PM,2,1,1,0,1,0,0,2,2,9,,,
4/8/16 8:00 PM,2,2,2,1,1,0,0,0,1,9,,,
4/8/16 9:00 PM,3,0,0,0,0,2,1,1,1,8,,,
4/8/16 10:00 PM,1,2,0,1,0,2,2,2,3,13,,,
4/8/16 11:00 PM,2,0,0,0,0,1,0,1,2,6,,,
4/9/16 12:00 AM,0,1,3,0,2,2,1,0,2,11,,,
4/9/16 1:00 AM,2,1,2,0,0,0,0,2,3,10,,,
4/9/16 2:00 AM,3,1,2,0,0,1,1,1,1,10,,,
4/9/16 3:00 AM,3,2,1,0,0,2,3,0,1,12,,,
4/9/16 4:00 AM,2,2,2,1,0,1,0,1,3,12,,,
4/9/16 5:00 AM,1,0,2,0,0,1,1,2,2,9,,,
4/9/16 6:00 AM,2,1,1,1,0,1,1,1,1,9,,,
4/9/16 7:00 AM,3,0,0,0,0,1,2,2,3,11,,,
4/9/16 8:00 AM,3,2,1,1,1,1,1,1,1,12,,,
4/9/16 9:00 AM,2,0,2,0,0,1,2,0,3,10,,,
4/9/16 10:00 AM,1,2,1,0,0,1,3,1,2,11,,,
4/9/16 11:00 AM,1,1,0,1,1,0,0,2,1,7,,,
4/9/16 12:00 PM,0,1,3,0,0,3,2,2,0,11,,,
4/9/16 1:00 PM,0,1,1,0,1,1,2,1,3,10,,,
4/9/16 2:00 PM,1,2,1,1,0,0,3,1,3,12,,,
4/9/16 3:00 PM,1,0,1,1,0,1,1,1,3,9,,,
4/9/16 4:00 PM,1,1,0,0,0,1,1,0,1,5,,,
4/9/16 5:00 PM,2,1,2,1,0,2,1,1,0,10,,,
4/9/16 6:00 PM,2,1,1,1,1,2,1,0,2,11,,,
4/9/16 7:00 PM,3,2,2,0,1,0,2,2,2,14,,,
4/9/16 8:00 PM,2,0,0,0,0,3,2,0,1,8,,,
4/9/16 9:00 PM,1,1,3,1,1,1,3,2,0,13,,,
4/9/16 10:00 PM,1,3,0,0,0,2,2,2,3,13,,,
4/9/16 11:00 PM,2,0,0,0,0,2,4,3,2,13,,,
4/10/16 12:00 AM,3,0,0,0,1,1,2,2,2,11,,,
4/10/16 1:00 AM,1,2,0,0,0,3,0,2,1,9,,,
4/10/16 2:00 AM,3,0,0,1,0,1,1,2,1,9,,,
4/10/16 3:00 AM,1,1,0,0,1,0,0,0,1,4,,,
4/10/16 4:00 AM,1,2,1,0,0,0,1,1,2,8,,,
4/10/16 5:00 AM,2,0,1,0,0,1,1,2,2,9,,,
4/10/16 6:00 AM,2,1,1,1,0,1,0,3,1,10,,,
4/10/16 7:00 AM,1,2,1,0,0,0,0,0,1,5,,,
4/10/16 8:00 AM,3,3,1,0,0,1,0,1,2,11,,,
4/10/16 9:00 AM,3,1,0,0,1,1,1,0,2,9,,,
4/10/16 10:00 AM,2,2,2,1,0,3,1,0,0,11,,,
4/10/16 11:00 AM,1,2,2,0,0,1,0,1,0,7,,,
4/10/16 12:00 PM,2,1,1,1,0,2,1,0,2,10,,,
4/10/16 1:00 PM,3,2,1,0,0,1,0,0,3,10,,,
4/10/16 2:00 PM,2,1,1,0,1,1,0,1,1,8,,,
4/10/16 3:00 PM,0,2,0,0,0,1,3,1,0,7,,,
4/10/16 4:00 PM,4,1,1,1,0,0,1,1,1,10,,,
4/10/16 5:00 PM,1,0,0,0,0,1,2,0,1,5,,,
4/10/16 6:00 PM,3,0,0,0,0,0,1,1,1,6,,,
4/10/16 7:00 PM,1,1,1,0,1,2,1,0,2,9,,,
4/10/16 8:00 PM,1,2,1,0,0,2,0,1,2,9,,,
4/10/16 9:00 PM,2,1,1,0,0,1,2,1,1,9,,,
4/10/16 10:00 PM,2,3,0,0,0,0,1,0,2,8,,,
4/10/16 11:00 PM,0,0,1,1,1,1,1,0,0,5,,,
4/11/16 12:00 AM,1,0,3,0,1,1,1,1,0,8,,,
4/11/16 1:00 AM,1,2,1,0,1,1,2,0,1,9,,,
4/11/16 2:00 AM,3,1,1,0,0,1,1,1,2,10,,,
4/11/16 3:00 AM,2,1,2,2,1,0,2,1,2,13,,,
4/11/16 4:00 AM,1,1,1,0,0,0,2,0,0,5,,,
4/11/16 5:00 AM,2,1,0,0,0,0,2,1,2,8,,,
4/11/16 6:00 AM,2,1,2,0,1,1,1,1,1,10,,,
4/11/16 7:00 AM,0,1,0,2,0,1,1,2,3,10,,,
4/11/16 8:00 AM,1,1,2,0,1,1,1,1,1,9,,,
4/11/16 9:00 AM,0,2,1,1,0,0,0,0,2,6,,,
4/11/16 10:00 AM,2,1,1,0,0,0,1,1,1,7,,,
4/11/16 11:00 AM,1,0,0,2,0,2,1,0,2,8,,,
4/11/16 12:00 PM,0,0,0,0,0,1,0,0,3,4,,,
4/11/16 1:00 PM,1,4,1,1,0,2,0,1,0,10,,,
4/11/16 2:00 PM,2,1,1,1,0,0,0,0,3,8,,,
4/11/16 3:00 PM,1,0,1,0,2,0,1,2,1,8,,,
4/11/16 4:00 PM,3,3,2,1,0,2,1,1,1,14,,,
4/11/16 5:00 PM,1,2,1,0,0,1,0,0,2,7,,,
4/11/16 6:00 PM,1,0,1,0,0,1,2,2,2,9,,,
4/11/16 7:00 PM,1,0,0,0,0,2,1,1,2,7,,,
4/11/16 8:00 PM,2,1,0,0,0,1,0,2,2,8,,,
4/11/16 9:00 PM,2,1,1,1,1,2,0,1,0,9,,,
4/11/16 10:00 PM,2,2,1,0,0,3,2,1,0,11,,,
4/11/16 11:00 PM,2,0,1,0,2,0,3,1,1,10,,,
4/12/16 12:00 AM,1,2,2,0,1,0,1,2,2,11,,,
4/12/16 1:00 AM,2,1,1,0,2,1,2,1,2,12,,,
4/12/16 2:00 AM,1,2,2,2,0,0,0,3,3,13,,,
4/12/16 3:00 AM,0,1,0,0,0,2,1,2,1,7,,,
4/12/16 4:00 AM,3,3,0,0,0,3,1,1,3,14,,,
4/12/16 5:00 AM,0,0,0,0,0,0,1,2,1,4,,,
4/12/16 6:00 AM,3,2,1,0,0,1,1,2,1,11,,,
4/12/16 7:00 AM,0,2,0,0,1,1,2,2,2,10,,,
4/12/16 8:00 AM,1,1,1,0,0,1,1,1,2,8,,,
4/12/16 9:00 AM,3,1,1,0,1,0,1,2,2,11,,,
4/12/16 10:00 AM,2,1,2,0,0,0,0,1,2,8,,,
4/12/16 11:00 AM,2,2,1,0,1,1,2,0,2,11,,,
4/12/16 12:00 PM,2,1,1,0,0,1,1,2,2,10,,,
4/12/16 1:00 PM,3,0,2,1,0,2,1,0,1,10,,,
4/12/16 2:00 PM,1,1,0,1,0,1,3,0,0,7,,,
4/12/16 3:00 PM,1,2,1,2,1,0,1,2,3,13,,,
4/12/16 4:00 PM,1,0,1,1,0,2,0,1,2,8,,,
4/12/16 5:00 PM,3,3,0,1,0,0,0,0,2,9,,,
4/12/16 6:00 PM,2,2,1,0,0,0,1,3,0,9,,,
4/12/16 7:00 PM,4,2,3,0,0,3,1,0,1,14,,,
4/12/16 8:00 PM,1,1,0,0,1,1,1,2,2,9,,,
4/12/16 9:00 PM,2,1,4,0,1,2,1,1,3,15,,,
4/12/16 10:00 PM,1,1,0,0,0,0,1,0,2,5,,,
4/12/16 11:00 PM,2,2,3,1,1,0,2,2,1,14,,,
4/13/16 12:00 AM,0,0,1,0,0,2,2,2,1,8,,,
4/13/16 1:00 AM,3,0,1,0,0,0,2,2,2,10,,,
4/13/16 2:00 AM,4,2,1,1,0,0,1,0,2,11,,,
4/13/16 3:00 AM,3,1,2,0,0,0,2,1,1,10,,,
4/13/16 4:00 AM,2,3,1,0,1,0,1,3,3,14,,,
4/13/16 5:00 AM,1,1,0,0,1,0,1,2,0,6,,,
4/13/16 6:00 AM,2,2,2,1,0,1,2,3,3,16,,,
4/13/16 7:00 AM,0,1,1,1,1,1,2,1,1,9,,,
4/13/16 8:00 AM,3,1,1,0,0,0,2,1,2,10,,,
4/13/16 9:00 AM,3,0,1,0,0,3,0,1,2,10,,,
4/13/16 10:00 AM,1,0,0,1,0,0,3,0,2,7,,,
4/13/16 11:00 AM,4,2,1,1,0,0,2,0,0,10,,,
4/13/16 12:00 PM,2,0,1,0,0,0,0,0,2,5,,,
4/13/16 1:00 PM,0,0,1,1,0,0,2,1,2,7,,,
4/13/16 2:00 PM,3,0,2,1,0,2,2,2,1,13,,,
4/13/16 3:00 PM,0,1,1,0,0,0,2,1,2,7,,,
4/13/16 4:00 PM,2,1,1,1,1,1,1,2,1,11,,,
4/13/16 5:00 PM,2,1,0,0,0,0,1,2,1,7,,,
4/13/16 6:00 PM,1,3,2,0,0,2,1,2,3,14,,,
4/13/16 7:00 PM,1,0,1,1,1,0,3,0,2,9,,,
4/13/16 8:00 PM,2,1,2,0,0,0,2,2,3,12,,,
4/13/16 9:00 PM,2,0,2,0,0,1,0,0,1,6,,,
4/13/16 10:00 PM,1,4,1,0,0,2,0,1,0,9,,,
4/13/16 11:00 PM,2,1,0,0,0,0,3,0,0,6,,,
4/14/16 12:00 AM,2,2,2,1,1,2,0,3,3,16,,,
4/14/16 1:00 AM,0,1,1,0,0,2,4,2,2,12,,,
4/14/16 2:00 AM,2,0,1,0,0,0,1,0,3,7,,,
4/14/16 3:00 AM,2,0,1,3,0,1,2,1,1,11,,,
4/14/16 4:00 AM,1,0,3,0,0,0,1,1,0,6,,,
4/14/16 5:00 AM,1,2,0,0,0,0,1,2,2,8,,,
4/14/16 6:00 AM,2,3,0,0,0,0,1,3,2,11,,,
4/14/16 7:00 AM,1,2,0,0,0,2,3,1,2,11,,,
4/14/16 8:00 AM,2,2,0,1,1,1,3,0,2,12,,,
4/14/16 9:00 AM,2,1,2,0,0,1,1,0,1,8,,,
4/14/16 10:00 AM,1,2,2,0,0,2,0,0,1,8,,,
4/14/16 11:00 AM,3,0,0,1,0,1,0,0,2,7,,,
4/14/16 12:00 PM,0,0,0,0,0,0,1,0,4,5,,,
4/14/16 1:00 PM,0,2,0,0,0,2,0,2,2,8,,,
4/14/16 2:00 PM,0,1,2,0,0,1,3,1,2,10,,,
4/14/16 3:00 PM,3,1,2,0,0,0,0,3,2,11,,,
4/14/16 4:00 PM,3,2,0,0,0,1,3,0,3,12,,,
4/14/16 5:00 PM,0,1,1,0,0,4,1,0,1,8,,,
4/14/16 6:00 PM,2,2,0,0,1,2,1,1,2,11,,,
4/14/16 7:00 PM,0,2,2,0,1,2,2,0,2,11,,,
4/14/16 8:00 PM,2,1,2,1,0,1,1,1,1,10,,,
4/14/16 9:00 PM,1,2,2,0,0,1,1,1,2,10,,,
4/14/16 10:00 PM,2,2,1,0,0,1,1,3,1,11,,,
4/14/16 11:00 PM,2,2,1,0,0,0,1,1,0,7,,,
4/15/16 12:00 AM,1,2,0,0,1,0,2,2,1,9,,,
4/15/16 1:00 AM,2,2,2,2,0,1,2,1,1,13,,,
4/15/16 2:00 AM,2,2,0,0,0,1,0,1,2,8,,,
4/15/16 3:00 AM,0,0,0,0,0,2,1,2,3,8,,,
4/15/16 4:00 AM,0,1,0,0,1,1,1,1,2,7,,,
4/15/16 5:00 AM,2,1,2,0,0,1,0,0,3,9,,,
4/15/16 6:00 AM,3,0,1,1,0,2,0,0,2,9,,,
4/15/16 7:00 AM,2,2,1,0,1,1,0,0,2,9,,,
4/15/16 8:00 AM,0,0,1,0,0,1,2,0,3,7,,,
4/15/16 9:00 AM,0,1,1,0,0,1,2,1,1,7,,,
4/15/16 10:00 AM,2,1,0,0,0,3,1,0,1,8,,,
4/15/16 11:00 AM,1,2,0,0,1,1,1,2,2,10,,,
4/15/16 12:00 PM,0,0,0,0,0,1,3,0,1,5,,,
4/15/16 1:00 PM,2,0,1,1,0,2,2,1,1,10,,,
4/15/16 2:00 PM,2,2,2,0,0,1,2,0,0,9,,,
4/15/16 3:00 PM,1,2,0,1,0,1,0,0,0,5,,,
4/15/16 4:00 PM,3,2,1,1,1,2,2,1,1,14,,,
4/15/16 5:00 PM,3,3,2,0,0,1,2,1,2,14,,,
4/15/16 6:00 PM,1,0,1,0,0,2,0,2,3,9,,,
4/15/16 7:00 PM,1,1,1,0,0,1,1,0,0,5,,,
4/15/16 8:00 PM,2,1,1,1,1,1,0,2,2,11,,,
4/15/16 9:00 PM,1,0,2,0,0,2,0,2,0,7,,,
4/15/16 10:00 PM,1,3,0,0,1,0,1,0,3,9,,,
4/15/16 11:00 PM,4,1,1,1,1,0,1,0,0,9,,,
4/16/16 12:00 AM,2,1,0,0,1,1,1,1,4,11,,,
4/16/16 1:00 AM,2,0,2,0,0,0,0,1,1,6,,,
4/16/16 2:00 AM,1,0,1,0,0,0,1,0,0,3,,,
4/16/16 3:00 AM,3,1,1,0,0,1,1,3,3,13,,,
4/16/16 4:00 AM,2,0,2,0,0,0,0,0,1,5,,,
4/16/16 5:00 AM,2,2,0,1,0,1,0,1,0,7,,,
4/16/16 6:00 AM,2,1,2,0,0,2,1,0,1,9,,,
4/16/16 7:00 AM,2,1,0,0,0,2,1,1,1,8,,,
4/16/16 8:00 AM,2,1,4,1,1,0,0,2,2,13,,,
4/16/16 9:00 AM,2,2,1,0,0,1,1,2,3,12,,,
4/16/16 10:00 AM,3,1,1,0,1,1,0,0,2,9,,,
4/16/16 11:00 AM,0,0,0,1,0,3,1,1,2,8,,,
4/16/16 12:00 PM,2,2,0,1,0,1,3,0,0,9,,,
4/16/16 1:00 PM,2,2,2,1,0,2,1,1,2,13,,,
4/16/16 2:00 PM,2,1,0,0,0,2,0,2,2,9,,,
4/16/16 3:00 PM,2,1,3,1,1,2,0,0,0,10,,,
4/16/16 4:00 PM,1,1,2,1,0,0,2,0,2,9,,,
4/16/16 5:00 PM,1,0,0,0,0,1,3,1,0,6,,,
4/16/16 6:00 PM,3,1,0,1,1,0,1,0,0,7,,,
4/16/16 7:00 PM,1,1,1,0,1,1,2,1,2,10,,,
4/16/16 8:00 PM,1,3,1,0,0,1,0,1,1,8,,,
4/16/16 9:00 PM,3,0,2,1,0,1,0,1,0,8,,,
4/16/16 10:00 PM,2,1,1,1,1,0,2,1,1,10,,,
4/16/16 11:00 PM,0,0,1,1,0,2,0,0,1,5,,,
4/17/16 12:00 AM,2,1,1,0,0,1,1,2,2,10,,,
4/17/16 1:00 AM,2,2,0,0,0,2,0,0,0,6,,,
4/17/16 2:00 AM,2,3,2,0,0,0,1,0,1,9,,,
4/17/16 3:00 AM,2,1,1,0,1,1,0,2,1,9,,,
4/17/16 4:00 AM,2,4,3,0,1,0,1,0,1,12,,,
4/17/16 5:00 AM,1,2,1,2,0,1,2,2,3,14,,,
4/17/16 6:00 AM,1,2,2,0,0,1,4,3,1,14,,,
4/17/16 7:00 AM,1,2,0,0,1,1,1,1,2,9,,,
4/17/16 8:00 AM,2,1,1,2,0,1,1,0,0,8,,,
4/17/16 9:00 AM,1,0,2,0,0,2,1,1,1,8,,,
4/17/16 10:00 AM,2,0,0,0,0,1,3,3,4,13,,,
4/17/16 11:00 AM,2,2,2,0,0,1,2,2,1,12,,,
4/17/16 12:00 PM,0,0,1,1,0,0,1,0,0,3,,,
4/17/16 1:00 PM,1,0,2,0,0,1,2,1,2,9,,,
4/17/16 2:00 PM,2,1,1,2,0,0,1,2,1,10,,,
4/17/16 3:00 PM,1,2,1,0,0,0,2,1,2,9,,,
4/17/16 4:00 PM,0,0,1,1,0,0,2,1,2,7,,,
4/17/16 5:00 PM,0,1,0,0,0,0,0,0,2,3,,,
4/17/16 6:00 PM,1,1,1,0,1,0,0,0,2,6,,,
4/17/16 7:00 PM,3,2,0,1,1,2,0,1,0,10,,,
4/17/16 8:00 PM,1,0,1,0,0,1,0,1,3,7,,,
4/17/16 9:00 PM,2,1,1,0,0,2,1,1,0,8,,,
4/17/16 10:00 PM,1,2,1,1,0,1,0,0,3,9,,,
4/17/16 11:00 PM,1,1,0,0,0,2,0,1,4,9,,,
4/18/16 12:00 AM,1,0,1,0,0,1,2,2,3,10,,,
4/18/16 1:00 AM,3,2,0,0,0,1,0,1,1,8,,,
4/18/16 2:00 AM,0,2,0,0,1,2,2,0,3,10,,,
4/18/16 3:00 AM,0,2,1,1,1,1,1,2,3,12,,,
4/18/16 4:00 AM,0,1,0,0,0,0,1,1,1,4,,,
4/18/16 5:00 AM,2,1,0,0,0,1,1,0,1,6,,,
4/18/16 6:00 AM,3,3,1,2,1,1,1,3,1,16,,,
4/18/16 7:00 AM,1,1,3,1,0,0,3,0,2,11,,,
4/18/16 8:00 AM,2,1,1,0,0,1,1,1,1,8,,,
4/18/16 9:00 AM,2,2,2,0,0,3,1,0,2,12,,,
4/18/16 10:00 AM,3,1,1,0,0,3,1,1,0,10,,,
4/18/16 11:00 AM,2,1,0,0,1,0,2,2,1,9,,,
4/18/16 12:00 PM,3,3,3,1,0,1,1,0,0,12,,,
4/18/16 1:00 PM,2,2,0,1,0,1,2,2,1,11,,,
4/18/16 2:00 PM,1,1,0,0,0,2,3,1,1,9,,,
4/18/16 3:00 PM,2,1,0,0,1,2,0,1,3,10,,,
4/18/16 4:00 PM,0,1,1,0,0,2,2,1,1,8,,,
4/18/16 5:00 PM,1,1,2,1,0,1,2,1,2,11,,,
4/18/16 6:00 PM,2,2,1,0,0,1,2,1,0,9,,,
4/18/16 7:00 PM,1,1,0,0,0,1,1,1,2,7,,,
4/18/16 8:00 PM,2,1,3,0,0,0,0,0,0,6,,,
4/18/16 9:00 PM,3,1,3,1,0,1,0,1,2,12,,,
4/18/16 10:00 PM,3,1,1,0,0,2,0,2,2,11,,,
4/18/16 11:00 PM,2,2,2,0,0,0,1,1,1,9,,,
4/19/16 12:00 AM,1,0,1,2,0,2,1,1,3,11,,,
4/19/16 1:00 AM,1,2,1,1,0,1,0,3,2,11,,,
4/19/16 2:00 AM,1,2,2,0,1,2,2,0,1,11,,,
4/19/16 3:00 AM,2,0,1,1,0,3,2,0,1,10,,,
4/19/16 4:00 AM,2,1,0,0,0,0,0,2,0,5,,,
4/19/16 5:00 AM,2,1,0,0,0,0,0,1,1,5,,,
4/19/16 6:00 AM,0,1,2,0,0,1,0,1,1,6,,,
4/19/16 7:00 AM,2,2,1,0,2,0,1,0,2,10,,,
4/19/16 8:00 AM,3,1,1,1,0,1,1,0,2,10,,,
4/19/16 9:00 AM,2,0,1,0,0,0,1,2,1,7,,,
4/19/16 10:00 AM,2,2,1,0,0,2,0,0,1,8,,,
4/19/16 11:00 AM,2,2,0,0,0,3,0,1,2,10,,,
4/19/16 12:00 PM,2,1,0,0,0,1,0,2,1,7,,,
4/19/16 1:00 PM,0,1,0,0,0,1,2,2,2,8,,,
4/19/16 2:00 PM,1,1,1,0,0,1,2,1,1,8,,,
4/19/16 3:00 PM,2,1,3,1,0,1,0,3,1,12,,,
4/19/16 4:00 PM,1,1,3,2,0,2,0,1,0,10,,,
4/19/16 5:00 PM,3,0,0,0,1,0,1,1,1,7,,,
4/19/16 6:00 PM,1,0,1,0,0,1,0,3,2,8,,,
4/19/16 7:00 PM,1,1,1,1,1,1,1,1,1,9,,,
4/19/16 8:00 PM,1,1,1,0,0,0,2,3,1,9,,,
4/19/16 9:00 PM,0,1,0,0,0,2,1,1,2,7,,,
4/19/16 10:00 PM,1,1,2,1,0,1,1,0,0,7,,,
4/19/16 11:00 PM,2,1,2,0,0,2,2,1,1,11,,,
4/20/16 12:00 AM,1,1,1,0,0,1,2,0,2,8,,,
4/20/16 1:00 AM,0,2,0,0,1,1,2,3,0,9,,,
4/20/16 2:00 AM,1,1,1,0,2,1,2,2,2,12,,,
4/20/16 3:00 AM,2,1,1,0,1,2,0,0,2,9,,,
4/20/16 4:00 AM,1,0,2,0,0,0,2,1,1,7,,,
4/20/16 5:00 AM,3,1,0,0,0,1,2,2,0,9,,,
4/20/16 6:00 AM,0,1,3,1,1,0,0,1,1,8,,,
4/20/16 7:00 AM,2,1,0,1,0,3,0,1,2,10,,,
4/20/16 8:00 AM,1,1,1,1,1,1,2,2,0,10,,,
4/20/16 9:00 AM,2,2,1,0,0,0,1,1,0,7,,,
4/20/16 10:00 AM,3,2,0,1,1,0,0,1,2,10,,,
4/20/16 11:00 AM,3,1,1,1,1,1,0,1,2,11,,,
4/20/16 12:00 PM,1,0,1,0,0,2,0,1,0,5,,,
4/20/16 1:00 PM,2,2,2,0,0,0,1,2,3,12,,,
4/20/16 2:00 PM,3,0,1,1,0,2,1,1,1,10,,,
4/20/16 3:00 PM,0,3,0,0,1,1,1,1,1,8,,,
4/20/16 4:00 PM,0,1,1,0,1,0,1,1,3,8,,,
4/20/16 5:00 PM,3,0,1,0,0,1,2,1,1,9,,,
4/20/16 6:00 PM,2,1,3,0,0,2,0,1,2,11,,,
4/20/16 7:00 PM,0,0,0,0,0,0,2,1,0,3,,,
4/20/16 8:00 PM,1,1,1,1,1,1,0,3,1,10,,,
4/20/16 9:00 PM,2,0,0,0,1,1,3,1,3,11,,,
4/20/16 10:00 PM,1,2,1,0,1,2,3,1,1,12,,,
4/20/16 11:00 PM,0,0,3,0,0,1,2,3,1,10,,,
4/21/16 12:00 AM,0,2,0,0,0,1,1,1,1,6,,,
4/21/16 1:00 AM,3,3,0,1,0,1,0,2,2,12,,,
4/21/16 2:00 AM,2,2,1,0,1,1,1,0,2,10,,,
4/21/16 3:00 AM,1,1,0,0,1,1,1,1,2,8,,,
4/21/16 4:00 AM,1,2,0,1,0,0,0,1,2,7,,,
4/21/16 5:00 AM,1,1,2,0,0,1,1,4,3,13,,,
4/21/16 6:00 AM,0,0,0,1,0,1,1,0,1,4,,,
4/21/16 7:00 AM,3,2,0,0,2,1,0,2,1,11,,,
4/21/16 8:00 AM,3,0,1,0,0,1,1,1,0,7,,,
4/21/16 9:00 AM,0,0,1,1,0,0,2,1,2,7,,,
4/21/16 10:00 AM,2,0,2,1,1,2,1,2,0,11,,,
4/21/16 11:00 AM,2,2,0,1,0,0,2,1,1,9,,,
4/21/16 12:00 PM,1,1,1,0,0,3,0,1,1,8,,,
4/21/16 1:00 PM,0,0,0,0,1,1,0,3,1,6,,,
4/21/16 2:00 PM,3,0,1,0,0,1,1,1,1,8,,,
4/21/16 3:00 PM,1,1,1,1,0,1,1,2,1,9,,,
4/21/16 4:00 PM,1,1,2,0,0,3,0,2,3,12,,,
4/21/16 5:00 PM,1,0,1,0,0,2,0,1,1,6,,,
4/21/16 6:00 PM,2,0,1,0,1,1,3,2,2,12,,,
4/21/16 7:00 PM,2,0,0,0,0,1,3,1,1,8,,,
4/21/16 8:00 PM,1,0,0,0,0,1,2,1,3,8,,,
4/21/16 9:00 PM,2,1,1,0,0,0,0,1,1,6,,,
4/21/16 10:00 PM,2,1,2,0,1,0,2,1,3,12,,,
4/21/16 11:00 PM,0,0,3,0,0,0,2,1,0,6,,,
4/22/16 12:00 AM,0,2,0,0,2,1,2,1,2,10,,,
4/22/16 1:00 AM,2,2,1,1,0,0,2,2,1,11,,,
4/22/16 2:00 AM,2,2,1,0,0,0,1,2,2,10,,,
4/22/16 3:00 AM,2,1,1,0,0,1,0,0,3,8,,,
4/22/16 4:00 AM,2,2,2,0,0,1,0,1,0,8,,,
4/22/16 5:00 AM,1,1,3,0,0,0,0,2,2,9,,,
4/22/16 6:00 AM,2,1,1,1,0,2,2,1,3,13,,,
4/22/16 7:00 AM,2,2,0,0,1,3,2,3,0,13,,,
4/22/16 8:00 AM,2,1,0,0,0,1,1,1,2,8,,,
4/22/16 9:00 AM,1,1,1,0,0,2,2,1,1,9,,,
4/22/16 10:00 AM,3,4,0,1,0,0,1,2,1,12,,,
4/22/16 11:00 AM,2,1,1,1,0,0,0,0,1,6,,,
4/22/16 12:00 PM,1,1,0,0,1,0,0,0,3,6,,,
4/22/16 1:00 PM,2,1,0,0,0,3,0,2,1,9,,,
4/22/16 2:00 PM,1,0,2,0,0,1,1,0,1,6,,,
4/22/16 3:00 PM,1,0,1,1,0,2,1,2,1,9,,,
4/22/16 4:00 PM,2,1,2,0,1,1,1,1,0,9,,,
4/22/16 5:00 PM,1,2,0,0,0,2,2,1,2,10,,,
4/22/16 6:00 PM,1,2,1,1,0,1,1,3,1,11,,,
4/22/16 7:00 PM,3,1,2,0,0,0,1,0,2,9,,,
4/22/16 8:00 PM,1,1,1,0,0,1,1,1,2,8,,,
4/22/16 9:00 PM,1,1,1,0,0,1,0,2,1,7,,,
4/22/16 10:00 PM,2,0,2,0,0,0,0,0,0,4,,,
4/22/16 11:00 PM,0,1,1,0,0,0,2,1,1,6,,,
4/23/16 12:00 AM,2,1,1,0,1,1,0,0,3,9,,,
4/23/16 1:00 AM,2,1,1,0,0,3,1,1,2,11,,,
4/23/16 2:00 AM,3,0,0,1,0,0,1,1,2,8,,,
4/23/16 3:00 AM,1,0,1,1,0,0,0,1,2,6,,,
4/23/16 4:00 AM,1,1,1,0,0,2,3,0,1,9,,,
4/23/16 5:00 AM,2,0,0,1,0,3,1,2,2,11,,,
4/23/16 6:00 AM,2,2,1,0,1,0,1,2,3,12,,,
4/23/16 7:00 AM,2,0,1,0,0,2,1,1,1,8,,,
4/23/16 8:00 AM,1,2,2,0,1,0,1,1,3,11,,,
4/23/16 9:00 AM,1,1,2,1,0,1,1,2,1,10,,,
4/23/16 10:00 AM,1,1,2,0,0,1,1,2,3,11,,,
4/23/16 11:00 AM,2,2,0,0,0,2,0,1,1,8,,,
4/23/16 12:00 PM,2,0,1,0,1,1,1,3,4,13,,,
4/23/16 1:00 PM,2,1,0,1,0,0,1,4,3,12,,,
4/23/16 2:00 PM,4,3,1,1,0,2,0,2,2,15,,,
4/23/16 3:00 PM,1,1,1,0,0,0,2,1,1,7,,,
4/23/16 4:00 PM,3,0,1,0,0,1,1,0,2,8,,,
4/23/16 5:00 PM,0,2,2,0,0,1,1,0,2,8,,,
4/23/16 6:00 PM,1,1,0,1,1,0,0,0,3,7,,,
4/23/16 7:00 PM,1,1,3,1,1,0,1,0,2,10,,,
4/23/16 8:00 PM,1,0,2,0,0,2,0,1,3,9,,,
4/23/16 9:00 PM,2,2,2,0,1,1,2,0,2,12,,,
4/23/16 10:00 PM,0,1,0,1,0,0,1,0,0,3,,,
4/23/16 11:00 PM,2,0,1,0,0,2,1,1,2,9,,,
4/24/16 12:00 AM,2,2,2,0,0,1,0,2,1,10,,,
4/24/16 1:00 AM,1,1,1,0,0,0,1,1,1,6,,,
4/24/16 2:00 AM,2,0,0,1,0,0,3,1,2,9,,,
4/24/16 3:00 AM,3,0,1,0,2,2,1,0,2,11,,,
4/24/16 4:00 AM,2,1,0,1,0,1,0,2,2,9,,,
4/24/16 5:00 AM,2,3,2,0,0,0,3,3,2,15,,,
4/24/16 6:00 AM,2,0,0,2,0,2,0,0,3,9,,,
4/24/16 7:00 AM,1,0,0,1,0,2,0,0,2,6,,,
4/24/16 8:00 AM,0,2,1,1,0,0,2,1,1,8,,,
4/24/16 9:00 AM,1,0,2,0,0,0,2,1,1,7,,,
4/24/16 10:00 AM,3,3,1,0,0,2,0,2,2,13,,,
4/24/16 11:00 AM,1,0,0,1,1,0,1,1,1,6,,,
4/24/16 12:00 PM,2,0,3,1,0,2,2,0,1,11,,,
4/24/16 1:00 PM,2,1,1,0,0,2,1,0,2,9,,,
4/24/16 2:00 PM,2,1,1,0,1,3,1,1,2,12,,,
4/24/16 3:00 PM,1,1,3,0,1,0,1,2,2,11,,,
4/24/16 4:00 PM,2,4,2,1,0,2,1,0,1,13,,,
4/24/16 5:00 PM,0,1,0,0,0,0,0,1,1,3,,,
4/24/16 6:00 PM,0,1,1,1,1,0,1,0,0,5,,,
4/24/16 7:00 PM,2,0,1,0,1,0,3,0,2,9,,,
4/24/16 8:00 PM,1,2,2,0,0,1,1,1,0,8,,,
4/24/16 9:00 PM,1,2,2,0,0,2,1,1,0,9,,,
4/24/16 10:00 PM,1,0,1,0,0,0,0,0,1,3,,,
4/24/16 11:00 PM,1,0,1,0,0,0,2,1,1,6,,,
4/25/16 12:00 AM,2,1,1,0,0,0,1,1,2,8,,,
4/25/16 1:00 AM,1,1,0,0,0,2,0,0,2,6,,,
4/25/16 2:00 AM,1,0,3,1,0,1,1,2,3,12,,,
4/25/16 3:00 AM,3,1,2,0,0,0,0,3,0,9,,,
4/25/16 4:00 AM,1,1,4,0,0,0,1,2,3,12,,,
4/25/16 5:00 AM,2,0,0,1,0,1,1,1,2,8,,,
4/25/16 6:00 AM,1,1,2,0,0,0,0,1,1,6,,,
4/25/16 7:00 AM,1,0,1,0,1,2,2,2,1,10,,,
4/25/16 8:00 AM,1,1,0,1,0,2,0,1,2,8,,,
4/25/16 9:00 AM,1,1,1,0,2,0,2,0,4,11,,,
4/25/16 10:00 AM,2,2,0,2,1,1,2,2,1,13,,,
4/25/16 11:00 AM,0,0,3,1,0,1,3,0,1,9,,,
4/25/16 12:00 PM,2,2,1,1,1,0,1,2,2,12,,,
4/25/16 1:00 PM,2,0,0,1,0,3,2,1,2,11,,,
4/25/16 2:00 PM,4,2,2,0,1,3,1,1,1,15,,,
4/25/16 3:00 PM,0,1,2,0,0,0,0,1,0,4,,,
4/25/16 4:00 PM,2,1,2,0,1,0,0,1,2,9,,,
4/25/16 5:00 PM,0,2,2,0,0,2,2,1,1,10,,,
4/25/16 6:00 PM,2,0,1,0,0,0,0,1,2,6,,,
4/25/16 7:00 PM,0,1,2,0,1,1,2,2,2,11,,,
4/25/16 8:00 PM,0,1,2,0,0,1,2,1,1,8,,,
4/25/16 9:00 PM,1,3,2,1,0,1,2,0,2,12,,,
4/25/16 10:00 PM,1,2,1,0,1,2,0,0,1,8,,,
4/25/16 11:00 PM,3,0,2,1,0,1,2,2,1,12,,,
4/26/16 12:00 AM,0,1,2,1,0,0,0,0,0,4,,,
4/26/16 1:00 AM,3,0,0,0,0,2,3,1,3,12,,,
4/26/16 2:00 AM,2,1,2,0,2,2,1,1,1,12,,,
4/26/16 3:00 AM,1,2,1,0,0,1,0,2,2,9,,,
4/26/16 4:00 AM,3,0,1,0,0,0,0,0,1,5,,,
4/26/16 5:00 AM,0,0,0,2,0,2,1,1,3,9,,,
4/26/16 6:00 AM,2,0,0,0,0,1,0,1,0,4,,,
4/26/16 7:00 AM,1,2,0,1,1,1,2,0,2,10,,,
4/26/16 8:00 AM,2,1,0,0,0,1,2,1,0,7,,,
4/26/16 9:00 AM,2,0,1,0,1,2,1,1,3,11,,,
4/26/16 10:00 AM,1,2,1,1,1,1,3,1,1,12,,,
4/26/16 11:00 AM,1,2,1,0,0,0,1,2,1,8,,,
4/26/16 12:00 PM,0,2,0,1,0,1,0,1,3,8,,,
4/26/16 1:00 PM,2,1,2,0,0,0,0,1,1,7,,,
4/26/16 2:00 PM,0,2,1,0,0,1,0,1,1,6,,,
4/26/16 3:00 PM,2,3,0,0,0,1,3,2,2,13,,,
4/26/16 4:00 PM,2,2,2,1,0,1,0,2,2,12,,,
4/26/16 5:00 PM,2,1,0,0,0,1,0,0,1,5,,,
4/26/16 6:00 PM,1,1,1,0,1,2,2,2,2,12,,,
4/26/16 7:00 PM,2,0,0,1,0,1,1,0,1,6,,,
4/26/16 8:00 PM,1,1,1,2,1,0,1,0,1,8,,,
4/26/16 9:00 PM,0,1,1,0,0,1,1,2,1,7,,,
4/26/16 10:00 PM,2,1,1,0,1,2,0,1,1,9,,,
4/26/16 11:00 PM,2,1,1,0,1,1,2,2,2,12,,,
4/27/16 12:00 AM,1,2,0,1,1,1,2,1,0,9,,,
4/27/16 1:00 AM,3,1,1,1,1,0,0,0,2,9,,,
4/27/16 2:00 AM,3,1,1,0,0,0,0,0,2,7,,,
4/27/16 3:00 AM,2,0,0,0,0,2,1,0,2,7,,,
4/27/16 4:00 AM,0,0,2,0,1,2,1,1,1,8,,,
4/27/16 5:00 AM,2,1,1,0,1,2,1,1,0,9,,,
4/27/16 6:00 AM,1,2,1,0,1,2,2,2,1,12,,,
4/27/16 7:00 AM,2,0,0,2,1,1,1,1,0,8,,,
4/27/16 8:00 AM,1,1,1,2,1,2,2,1,3,14,,,
4/27/16 9:00 AM,2,3,2,1,0,1,2,1,2,14,,,
4/27/16 10:00 AM,2,0,2,0,2,1,1,2,1,11,,,
4/27/16 11:00 AM,2,1,2,0,0,0,1,1,2,9,,,
4/27/16 12:00 PM,3,2,0,1,0,2,0,0,1,9,,,
4/27/16 1:00 PM,2,0,0,0,1,4,4,1,3,15,,,
4/27/16 2:00 PM,3,2,1,0,1,2,0,0,0,9,,,
4/27/16 3:00 PM,2,0,0,0,0,1,2,1,0,6,,,
4/27/16 4:00 PM,2,2,1,0,1,1,1,1,2,11,,,
4/27/16 5:00 PM,2,1,2,1,0,0,3,1,2,12,,,
4/27/16 6:00 PM,2,2,2,0,0,1,1,2,1,11,,,
4/27/16 7:00 PM,2,2,0,0,0,1,1,0,0,6,,,
4/27/16 8:00 PM,1,1,2,0,0,2,2,2,1,11,,,
4/27/16 9:00 PM,3,2,3,1,1,0,0,1,2,13,,,
4/27/16 10:00 PM,2,0,1,0,0,2,1,3,2,11,,,
4/27/16 11:00 PM,0,2,0,0,2,1,2,0,1,8,,,
4/28/16 12:00 AM,2,0,1,0,0,1,0,0,2,6,,,
4/28/16 1:00 AM,3,1,0,0,0,1,0,2,2,9,,,
4/28/16 2:00 AM,0,1,1,0,0,1,0,1,1,5,,,
4/28/16 3:00 AM,2,0,1,0,0,1,0,2,2,8,,,
4/28/16 4:00 AM,1,1,0,0,0,1,0,0,1,4,,,
4/28/16 5:00 AM,3,1,2,1,0,1,2,2,3,15,,,
4/28/16 6:00 AM,0,1,2,0,2,1,1,2,2,11,,,
4/28/16 7:00 AM,1,2,2,1,1,2,3,2,1,15,,,
4/28/16 8:00 AM,1,0,1,0,0,1,2,2,1,8,,,
4/28/16 9:00 AM,2,1,1,1,0,2,1,3,0,11,,,
4/28/16 10:00 AM,2,1,1,0,1,1,1,1,1,9,,,
4/28/16 11:00 AM,1,2,4,1,0,0,0,0,3,11,,,
4/28/16 12:00 PM,2,0,1,0,0,2,0,2,3,10,,,
4/28/16 1:00 PM,1,1,1,0,1,0,1,1,2,8,,,
4/28/16 2:00 PM,2,3,1,1,0,1,3,0,2,13,,,
4/28/16 3:00 PM,2,0,0,1,0,0,0,0,1,4,,,
4/28/16 4:00 PM,1,1,2,0,0,2,3,1,1,11,,,
4/28/16 5:00 PM,2,2,0,1,0,2,1,0,2,10,,,
4/28/16 6:00 PM,2,0,3,1,0,3,1,2,3,15,,,
4/28/16 7:00 PM,2,2,1,0,0,0,1,2,1,9,,,
4/28/16 8:00 PM,2,1,1,0,0,2,1,1,2,10,,,
4/28/16 9:00 PM,1,0,1,1,1,1,0,1,1,7,,,
4/28/16 10:00 PM,0,0,2,0,1,2,2,0,2,9,,,
4/28/16 11:00 PM,3,0,0,0,0,2,1,3,2,11,,,
4/29/16 12:00 AM,1,1,2,1,0,0,2,2,0,9,,,
4/29/16 1:00 AM,2,1,0,1,1,2,3,2,1,13,,,
4/29/16 2:00 AM,3,2,1,1,1,0,0,0,2,10,,,
4/29/16 3:00 AM,4,0,0,0,0,0,1,3,1,9,,,
4/29/16 4:00 AM,1,1,0,1,0,1,2,0,3,9,,,
4/29/16 5:00 AM,1,2,2,1,1,2,0,1,0,10,,,
4/29/16 6:00 AM,3,0,0,1,0,2,2,2,2,12,,,
4/29/16 7:00 AM,2,0,1,0,1,2,1,0,2,9,,,
4/29/16 8:00 AM,0,2,3,1,1,1,0,1,1,10,,,
4/29/16 9:00 AM,0,0,2,0,0,2,1,1,1,7,,,
4/29/16 10:00 AM,1,2,1,1,0,2,2,2,1,12,,,
4/29/16 11:00 AM,0,1,0,1,0,2,1,1,1,7,,,
4/29/16 12:00 PM,4,0,2,0,0,1,1,2,2,12,,,
4/29/16 1:00 PM,1,0,0,1,0,0,2,0,2,6,,,
4/29/16 2:00 PM,4,1,3,0,1,1,0,1,1,12,,,
4/29/16 3:00 PM,2,0,3,0,0,3,1,0,2,11,,,
4/29/16 4:00 PM,3,2,2,1,0,1,2,2,0,13,,,
4/29/16 5:00 PM,3,1,1,0,1,2,0,2,1,11,,,
4/29/16 6:00 PM,2,1,0,0,0,0,1,2,0,6,,,
4/29/16 7:00 PM,1,0,1,1,0,2,2,0,0,7,,,
4/29/16 8:00 PM,2,3,2,1,1,0,0,2,1,12,,,
4/29/16 9:00 PM,2,1,0,0,0,0,2,2,1,8,,,
4/29/16 10:00 PM,1,2,2,1,0,1,0,0,0,7,,,
4/29/16 11:00 PM,1,1,0,1,1,0,0,1,3,8,,,
4/30/16 12:00 AM,0,1,2,1,2,2,0,0,2,10,,,
4/30/16 1:00 AM,4,1,1,0,2,1,1,2,1,13,,,
4/30/16 2:00 AM,3,1,1,0,0,1,1,0,1,8,,,
4/30/16 3:00 AM,3,1,0,1,1,0,2,3,1,12,,,
4/30/16 4:00 AM,1,0,0,1,0,1,1,1,2,7,,,
4/30/16 5:00 AM,3,1,2,0,1,0,1,0,1,9,,,
4/30/16 6:00 AM,1,1,2,0,0,1,3,3,3,14,,,
4/30/16 7:00 AM,3,0,0,1,0,0,0,1,3,8,,,
4/30/16 8:00 AM,1,1,1,2,0,2,0,1,3,11,,,
4/30/16 9:00 AM,1,2,0,2,0,1,1,1,2,10,,,
4/30/16 10:00 AM,2,1,1,1,2,1,2,2,1,13,,,
4/30/16 11:00 AM,1,2,3,0,1,1,0,4,1,13,,,
4/30/16 12:00 PM,0,2,0,1,0,0,2,3,0,8,,,
4/30/16 1:00 PM,0,1,3,0,0,1,3,2,1,11,,,
4/30/16 2:00 PM,2,1,0,2,0,1,1,0,3,10,,,
4/30/16 3:00 PM,3,1,1,1,0,0,1,2,1,10,,,
4/30/16 4:00 PM,1,0,1,1,0,1,0,2,3,9,,,
4/30/16 5:00 PM,0,1,2,2,0,1,1,1,0,8,,,
4/30/16 6:00 PM,3,2,1,2,2,1,1,0,1,13,,,
4/30/16 7:00 PM,2,1,3,1,1,3,0,2,0,13,,,
4/30/16 8:00 PM,2,1,0,1,1,2,0,2,2,11,,,
4/30/16 9:00 PM,2,0,1,0,1,0,3,3,2,12,,,
4/30/16 10:00 PM,3,1,1,2,0,2,2,1,1,13,,,
4/30/16 11:00 PM,1,1,2,0,2,2,1,3,1,13,,,
8/1/16 12:00 AM,2,2,2,0,0,2,2,0,1,11,,,
8/1/16 1:00 AM,2,0,0,1,0,0,0,2,2,7,,,
8/1/16 2:00 AM,1,0,0,1,0,1,0,1,1,5,,,
8/1/16 3:00 AM,0,2,0,0,1,0,1,1,3,8,,,
8/1/16 4:00 AM,1,2,0,1,1,2,2,2,2,13,,,
8/1/16 5:00 AM,2,1,1,0,0,0,0,1,2,7,,,
8/1/16 6:00 AM,2,0,0,1,0,2,1,3,1,10,,,
8/1/16 7:00 AM,1,0,1,0,0,0,1,1,0,4,,,
8/1/16 8:00 AM,1,0,1,0,0,1,0,2,3,8,,,
8/1/16 9:00 AM,1,1,0,1,0,0,1,3,1,8,,,
8/1/16 10:00 AM,1,0,0,1,0,1,1,2,2,8,,,
8/1/16 11:00 AM,2,0,2,0,0,1,2,1,0,8,,,
8/1/16 12:00 PM,1,1,1,0,0,3,1,1,2,10,,,
8/1/16 1:00 PM,2,2,0,0,0,0,0,0,3,7,,,
8/1/16 2:00 PM,0,2,0,0,1,1,0,0,2,6,,,
8/1/16 3:00 PM,2,2,0,0,0,0,2,0,3,9,,,
8/1/16 4:00 PM,2,2,0,1,0,0,1,1,2,9,,,
8/1/16 5:00 PM,2,1,0,0,0,0,1,1,2,7,,,
8/1/16 6:00 PM,1,1,0,0,0,0,0,0,2,4,,,
8/1/16 7:00 PM,1,0,0,0,0,1,1,1,1,5,,,
8/1/16 8:00 PM,2,1,0,0,0,2,0,1,3,9,,,
8/1/16 9:00 PM,3,3,1,1,0,0,0,1,3,12,,,
8/1/16 10:00 PM,1,4,0,1,1,3,1,0,1,12,,,
8/1/16 11:00 PM,2,2,1,0,0,1,2,1,3,12,,,
8/2/16 12:00 AM,0,0,0,0,0,0,0,0,0,0,,,
8/2/16 1:00 AM,2,0,1,0,0,2,2,1,3,11,,,
8/2/16 2:00 AM,1,0,1,0,0,0,2,1,0,5,,,
8/2/16 3:00 AM,2,1,2,0,0,1,1,2,0,9,,,
8/2/16 4:00 AM,3,0,0,1,0,1,1,0,2,8,,,
8/2/16 5:00 AM,1,1,1,1,0,4,3,2,0,13,,,
8/2/16 6:00 AM,0,3,0,0,0,3,2,1,2,11,,,
8/2/16 7:00 AM,2,0,1,0,0,2,0,1,2,8,,,
8/2/16 8:00 AM,0,2,2,1,0,2,0,1,2,10,,,
8/2/16 9:00 AM,3,3,0,0,1,1,1,1,0,10,,,
8/2/16 10:00 AM,2,1,3,1,2,0,2,0,1,12,,,
8/2/16 11:00 AM,1,2,1,1,0,2,2,1,0,10,,,
8/2/16 12:00 PM,0,0,0,0,1,1,1,0,1,4,,,
8/2/16 1:00 PM,2,1,2,1,0,0,1,1,0,8,,,
8/2/16 2:00 PM,2,0,1,0,0,1,2,1,2,9,,,
8/2/16 3:00 PM,4,0,2,0,0,3,0,1,2,12,,,
8/2/16 4:00 PM,2,2,0,0,0,1,0,3,1,9,,,
8/2/16 5:00 PM,1,0,1,0,0,0,2,2,2,8,,,
8/2/16 6:00 PM,1,2,0,0,0,0,1,1,2,7,,,
8/2/16 7:00 PM,2,2,2,0,0,2,3,0,2,13,,,
8/2/16 8:00 PM,3,2,0,0,1,0,1,0,1,8,,,
8/2/16 9:00 PM,2,2,2,0,0,0,0,2,1,9,,,
8/2/16 10:00 PM,1,1,0,0,1,2,1,1,3,10,,,
8/2/16 11:00 PM,1,3,2,1,0,0,2,2,3,14,,,
8/3/16 12:00 AM,1,1,0,1,0,1,2,1,3,10,,,
8/3/16 1:00 AM,2,1,0,0,1,0,1,0,1,6,,,
8/3/16 2:00 AM,2,1,1,0,0,1,1,1,0,7,,,
8/3/16 3:00 AM,3,0,1,0,0,0,0,1,4,9,,,
8/3/16 4:00 AM,2,2,1,0,0,1,2,0,2,10,,,
8/3/16 5:00 AM,1,1,1,0,0,0,0,0,1,4,,,
8/3/16 6:00 AM,1,0,1,1,0,1,0,0,1,5,,,
8/3/16 7:00 AM,1,1,0,0,0,2,0,0,1,5,,,
8/3/16 8:00 AM,2,0,0,0,1,1,2,1,3,10,,,
8/3/16 9:00 AM,2,0,1,0,0,0,2,1,2,8,,,
8/3/16 10:00 AM,0,1,1,0,0,0,2,1,2,7,,,
8/3/16 11:00 AM,1,0,1,0,0,1,2,0,2,7,,,
8/3/16 12:00 PM,3,3,1,0,0,1,1,0,2,11,,,
8/3/16 1:00 PM,1,1,0,0,0,1,2,2,2,9,,,
8/3/16 2:00 PM,1,0,0,0,0,0,0,2,0,3,,,
8/3/16 3:00 PM,2,1,3,0,0,2,0,1,3,12,,,
8/3/16 4:00 PM,0,0,1,1,1,1,1,1,2,8,,,
8/3/16 5:00 PM,3,0,1,1,0,1,1,0,1,8,,,
8/3/16 6:00 PM,1,1,0,0,0,1,1,0,2,6,,,
8/3/16 7:00 PM,1,3,1,1,0,1,2,0,1,10,,,
8/3/16 8:00 PM,3,2,2,0,1,0,0,1,2,11,,,
8/3/16 9:00 PM,2,0,0,1,1,3,1,0,1,9,,,
8/3/16 10:00 PM,3,2,1,0,0,2,1,1,3,13,,,
8/3/16 11:00 PM,1,1,2,0,0,1,2,0,1,8,,,
8/4/16 1:00 AM,4,1,1,0,0,1,1,0,1,9,,,
8/4/16 2:00 AM,1,1,2,0,0,0,1,1,3,9,,,
8/4/16 3:00 AM,2,0,0,0,1,1,0,1,2,7,,,
8/4/16 4:00 AM,2,1,0,0,0,1,1,0,1,6,,,
8/4/16 5:00 AM,2,1,1,0,0,2,1,2,2,11,,,
8/4/16 6:00 AM,1,1,1,0,2,1,3,0,2,11,,,
8/4/16 7:00 AM,3,1,0,1,0,0,2,1,2,10,,,
8/4/16 8:00 AM,2,4,1,1,1,1,1,1,1,13,,,
8/4/16 9:00 AM,2,1,0,1,1,1,4,2,0,12,,,
8/4/16 10:00 AM,3,0,2,0,0,1,1,2,3,12,,,
8/4/16 11:00 AM,2,0,0,0,1,0,1,0,4,8,,,
8/4/16 12:00 PM,1,1,0,1,0,2,2,0,1,8,,,
8/4/16 1:00 PM,0,1,2,0,0,4,1,2,2,12,,,
8/4/16 2:00 PM,1,0,0,1,0,0,2,0,0,4,,,
8/4/16 3:00 PM,1,0,2,1,0,1,1,1,1,8,,,
8/4/16 4:00 PM,0,0,2,1,0,2,3,2,1,11,,,
8/4/16 5:00 PM,1,1,0,0,0,1,1,2,2,8,,,
8/4/16 6:00 PM,2,1,0,1,0,1,1,0,3,9,,,
8/4/16 7:00 PM,1,2,1,1,1,2,1,3,1,13,,,
8/4/16 8:00 PM,2,1,4,0,1,2,2,0,2,14,,,
8/4/16 9:00 PM,1,1,1,0,0,1,3,0,2,9,,,
8/4/16 10:00 PM,3,0,1,0,0,0,3,2,3,12,,,
8/4/16 11:00 PM,1,2,2,0,0,2,1,1,2,11,,,
8/5/16 12:00 AM,2,0,3,1,0,1,2,0,1,10,,,
8/5/16 1:00 AM,0,1,1,0,1,1,0,2,1,7,,,
8/5/16 2:00 AM,4,2,0,0,0,1,1,1,3,12,,,
8/5/16 3:00 AM,1,1,2,1,1,1,2,0,1,10,,,
8/5/16 4:00 AM,0,1,3,0,0,3,2,2,3,14,,,
8/5/16 5:00 AM,3,0,0,0,0,1,0,2,1,7,,,
8/5/16 6:00 AM,1,0,1,1,0,1,0,2,2,8,,,
8/5/16 7:00 AM,0,1,0,0,1,0,2,1,1,6,,,
8/5/16 8:00 AM,1,2,1,0,1,1,1,2,4,13,,,
8/5/16 9:00 AM,1,2,2,0,0,1,0,2,1,9,,,
8/5/16 10:00 AM,0,1,3,0,0,0,1,1,1,7,,,
8/5/16 11:00 AM,1,0,0,0,0,1,3,2,4,11,,,
8/5/16 12:00 PM,1,2,1,0,0,2,0,1,3,10,,,
8/5/16 1:00 PM,3,3,1,1,0,2,1,2,2,15,,,
8/5/16 2:00 PM,0,3,1,2,0,2,0,0,1,9,,,
8/5/16 3:00 PM,0,1,1,0,1,1,0,1,1,6,,,
8/5/16 4:00 PM,3,1,1,0,0,1,2,0,1,9,,,
8/5/16 5:00 PM,0,1,0,0,0,0,2,1,3,7,,,
8/5/16 6:00 PM,2,0,2,1,1,1,2,0,1,10,,,
8/5/16 7:00 PM,3,2,0,0,0,0,0,2,1,8,,,
8/5/16 8:00 PM,3,1,0,0,0,3,0,2,1,10,,,
8/5/16 9:00 PM,2,1,3,1,0,0,2,2,1,12,,,
8/5/16 10:00 PM,4,0,1,0,0,0,2,1,1,9,,,
8/5/16 11:00 PM,1,2,2,0,1,1,0,0,1,8,,,
8/6/16 12:00 AM,0,0,1,1,0,1,1,1,2,7,,,
8/6/16 1:00 AM,2,1,1,1,0,2,2,0,3,12,,,
8/6/16 2:00 AM,0,2,0,0,0,1,1,0,0,4,,,
8/6/16 3:00 AM,2,0,0,2,0,1,1,1,1,8,,,
8/6/16 4:00 AM,0,1,1,0,0,2,2,0,1,7,,,
8/6/16 5:00 AM,1,1,0,0,0,1,1,1,1,6,,,
8/6/16 6:00 AM,1,1,1,0,0,1,0,3,2,9,,,
8/6/16 7:00 AM,0,0,0,0,0,0,1,1,3,5,,,
8/6/16 8:00 AM,2,2,0,0,0,1,1,1,2,9,,,
8/6/16 9:00 AM,2,2,1,0,0,2,0,3,3,13,,,
8/6/16 10:00 AM,1,0,1,1,0,1,2,0,3,9,,,
8/6/16 11:00 AM,2,1,0,0,0,0,1,1,1,6,,,
8/6/16 12:00 PM,1,2,0,1,0,2,2,1,1,10,,,
8/6/16 1:00 PM,1,2,1,0,0,0,0,0,2,6,,,
8/6/16 2:00 PM,2,3,3,0,1,1,2,1,2,15,,,
8/6/16 3:00 PM,2,1,2,1,0,0,2,0,3,11,,,
8/6/16 4:00 PM,3,1,0,0,0,1,1,0,0,6,,,
8/6/16 5:00 PM,4,1,0,1,2,0,0,2,0,10,,,
8/6/16 6:00 PM,2,0,2,0,0,1,3,0,0,8,,,
8/6/16 7:00 PM,2,0,1,1,0,0,1,1,2,8,,,
8/6/16 8:00 PM,2,1,0,0,1,0,3,1,3,11,,,
8/6/16 9:00 PM,3,1,0,1,0,0,1,0,2,8,,,
8/6/16 10:00 PM,1,2,2,0,1,1,1,0,2,10,,,
8/6/16 11:00 PM,1,1,1,0,1,1,1,1,0,7,,,
8/7/16 1:00 AM,2,3,1,1,0,0,0,0,0,7,,,
8/7/16 2:00 AM,2,1,0,1,0,1,2,2,1,10,,,
8/7/16 3:00 AM,2,3,1,0,0,1,3,2,2,14,,,
8/7/16 4:00 AM,2,1,0,1,0,1,1,0,4,10,,,
8/7/16 5:00 AM,2,3,1,0,1,0,0,0,1,8,,,
8/7/16 6:00 AM,2,0,1,0,0,0,1,1,2,7,,,
8/7/16 7:00 AM,1,2,0,0,0,0,2,2,0,7,,,
8/7/16 8:00 AM,1,0,1,0,0,1,1,2,1,7,,,
8/7/16 9:00 AM,1,1,0,0,0,0,0,0,0,2,,,
8/7/16 10:00 AM,2,3,1,0,1,1,1,0,0,9,,,
8/7/16 11:00 AM,1,0,2,0,0,1,0,1,2,7,,,
8/7/16 12:00 PM,1,1,1,0,0,1,1,2,1,8,,,
8/7/16 1:00 PM,1,2,3,1,0,1,1,1,2,12,,,
8/7/16 2:00 PM,3,1,2,1,0,1,1,4,2,15,,,
8/7/16 3:00 PM,1,1,0,0,0,1,0,1,2,6,,,
8/7/16 4:00 PM,1,2,2,0,0,1,1,1,0,8,,,
8/7/16 5:00 PM,0,0,0,0,0,1,2,0,2,5,,,
8/7/16 6:00 PM,0,1,1,0,1,2,2,2,3,12,,,
8/7/16 7:00 PM,3,2,0,0,0,1,1,0,0,7,,,
8/7/16 8:00 PM,2,2,0,2,0,0,1,2,1,10,,,
8/7/16 9:00 PM,1,0,1,0,0,2,1,0,0,5,,,
8/7/16 10:00 PM,0,1,0,0,0,1,2,0,2,6,,,
8/7/16 11:00 PM,2,1,1,0,0,1,3,0,1,9,,,
8/8/16 12:00 AM,0,4,2,0,0,2,0,0,2,10,,,
8/8/16 1:00 AM,3,1,2,0,1,0,1,3,2,13,,,
8/8/16 2:00 AM,3,1,1,0,1,1,2,1,2,12,,,
8/8/16 3:00 AM,3,1,0,0,0,0,0,1,3,8,,,
8/8/16 4:00 AM,2,2,0,1,0,3,3,2,3,16,,,
8/8/16 5:00 AM,0,1,1,1,0,0,3,1,0,7,,,
8/8/16 6:00 AM,1,3,2,0,0,1,0,2,2,11,,,
8/8/16 7:00 AM,3,2,2,0,0,0,0,1,2,10,,,
8/8/16 8:00 AM,0,1,1,0,1,0,1,0,2,6,,,
8/8/16 9:00 AM,1,2,1,0,0,0,1,2,2,9,,,
8/8/16 10:00 AM,1,1,0,1,0,0,1,1,1,6,,,
8/8/16 11:00 AM,1,2,3,0,0,0,1,1,3,11,,,
8/8/16 12:00 PM,1,1,1,0,0,1,2,0,1,7,,,
8/8/16 1:00 PM,2,0,0,0,0,0,0,1,2,5,,,
8/8/16 2:00 PM,3,1,2,0,0,0,0,1,2,9,,,
8/8/16 3:00 PM,2,2,1,0,0,2,1,1,2,11,,,
8/8/16 4:00 PM,1,1,1,1,0,2,1,1,1,9,,,
8/8/16 5:00 PM,1,1,0,1,1,2,0,1,1,8,,,
8/8/16 6:00 PM,1,0,1,0,0,1,1,1,2,7,,,
8/8/16 7:00 PM,3,1,1,0,1,2,2,1,2,13,,,
8/8/16 8:00 PM,2,0,1,0,0,0,0,0,1,4,,,
8/8/16 9:00 PM,2,1,1,1,0,2,0,2,0,9,,,
8/8/16 10:00 PM,2,1,0,0,1,1,1,1,2,9,,,
8/8/16 11:00 PM,3,1,1,0,1,1,1,2,0,10,,,
8/9/16 12:00 AM,3,0,2,0,0,2,2,2,1,12,,,
8/9/16 1:00 AM,1,0,2,1,1,1,1,3,2,12,,,
8/9/16 2:00 AM,1,2,1,0,0,1,0,1,1,7,,,
8/9/16 3:00 AM,0,0,3,1,0,0,1,1,2,8,,,
8/9/16 4:00 AM,2,2,0,1,1,1,1,2,2,12,,,
8/9/16 5:00 AM,1,1,1,0,1,2,1,1,1,9,,,
8/9/16 6:00 AM,2,2,2,0,0,0,2,1,2,11,,,
8/9/16 7:00 AM,0,1,1,0,1,1,0,0,0,4,,,
8/9/16 8:00 AM,2,2,1,0,1,0,1,1,3,11,,,
8/9/16 9:00 AM,3,0,1,0,1,1,1,0,2,9,,,
8/9/16 10:00 AM,2,1,0,0,1,0,1,0,1,6,,,
8/9/16 11:00 AM,1,1,1,0,0,3,1,1,2,10,,,
8/9/16 12:00 PM,2,1,1,1,0,1,1,2,3,12,,,
8/9/16 1:00 PM,2,1,0,0,0,0,0,2,2,7,,,
8/9/16 2:00 PM,1,0,0,0,0,2,1,0,0,4,,,
8/9/16 3:00 PM,0,1,2,1,1,0,0,3,3,11,,,
8/9/16 4:00 PM,1,2,2,0,0,1,0,1,2,9,,,
8/9/16 5:00 PM,3,2,1,0,1,2,1,1,2,13,,,
8/9/16 6:00 PM,1,3,2,0,0,1,0,2,3,12,,,
8/9/16 7:00 PM,2,0,1,1,1,0,1,2,1,9,,,
8/9/16 8:00 PM,2,1,2,0,0,0,1,3,2,11,,,
8/9/16 9:00 PM,3,1,1,0,0,1,2,0,2,10,,,
8/9/16 10:00 PM,2,1,1,1,0,3,1,0,2,11,,,
8/9/16 11:00 PM,0,3,2,1,0,1,1,1,0,9,,,
8/10/16 12:00 AM,1,2,0,1,0,3,1,1,2,11,,,
8/10/16 1:00 AM,3,0,0,0,0,1,2,2,2,10,,,
8/10/16 2:00 AM,1,2,2,0,0,0,0,1,1,7,,,
8/10/16 3:00 AM,0,1,1,1,0,3,1,2,2,11,,,
8/10/16 4:00 AM,1,2,2,1,0,1,2,1,2,12,,,
8/10/16 5:00 AM,2,1,1,1,0,2,1,2,2,12,,,
8/10/16 6:00 AM,1,1,0,1,1,2,1,2,0,9,,,
8/10/16 7:00 AM,3,1,1,0,0,1,2,0,3,11,,,
8/10/16 8:00 AM,2,0,0,1,0,3,0,2,2,10,,,
8/10/16 9:00 AM,0,1,2,0,0,1,2,2,2,10,,,
8/10/16 10:00 AM,2,0,0,2,0,2,1,2,1,10,,,
8/10/16 11:00 AM,0,0,2,0,0,0,1,1,2,6,,,
8/10/16 12:00 PM,2,0,2,0,1,0,1,1,1,8,,,
8/10/16 1:00 PM,2,2,1,0,1,1,3,1,1,12,,,
8/10/16 2:00 PM,2,0,2,1,0,2,1,1,0,9,,,
8/10/16 3:00 PM,2,2,1,0,0,1,2,1,2,11,,,
8/10/16 4:00 PM,1,1,2,0,0,1,1,1,2,9,,,
8/10/16 5:00 PM,0,0,0,0,0,0,1,2,1,4,,,
8/10/16 6:00 PM,1,0,0,1,2,1,1,1,2,9,,,
8/10/16 7:00 PM,2,2,1,0,0,0,2,2,1,10,,,
8/10/16 8:00 PM,1,0,0,0,0,2,3,4,0,10,,,
8/10/16 9:00 PM,3,2,1,0,0,3,1,0,0,10,,,
8/10/16 10:00 PM,2,1,1,1,0,1,0,1,1,8,,,
8/10/16 11:00 PM,3,2,2,0,0,1,1,1,2,12,,,
8/11/16 12:00 AM,3,1,1,0,1,0,1,1,1,9,,,
8/11/16 1:00 AM,2,0,2,1,0,1,0,1,2,9,,,
8/11/16 2:00 AM,2,0,1,0,0,0,1,0,3,7,,,
8/11/16 3:00 AM,2,2,1,1,0,0,0,3,3,12,,,
8/11/16 4:00 AM,2,0,1,0,0,1,2,1,2,9,,,
8/11/16 5:00 AM,2,1,2,2,0,1,0,1,1,10,,,
8/11/16 6:00 AM,2,1,0,0,0,3,1,1,1,9,,,
8/11/16 7:00 AM,2,1,1,0,1,1,1,2,1,10,,,
8/11/16 8:00 AM,0,1,0,1,0,0,1,1,2,6,,,
8/11/16 9:00 AM,0,0,0,1,1,0,2,1,2,7,,,
8/11/16 10:00 AM,0,1,1,0,0,2,2,1,3,10,,,
8/11/16 11:00 AM,0,1,2,1,0,1,1,1,2,9,,,
8/11/16 12:00 PM,2,0,2,0,0,1,1,1,1,8,,,
8/11/16 1:00 PM,0,1,2,0,0,0,2,1,2,8,,,
8/11/16 2:00 PM,1,0,2,0,0,0,2,1,0,6,,,
8/11/16 3:00 PM,2,0,2,1,0,1,1,1,0,8,,,
8/11/16 4:00 PM,2,0,0,1,0,1,2,1,1,8,,,
8/11/16 5:00 PM,2,1,0,1,1,1,1,0,2,9,,,
8/11/16 6:00 PM,1,1,0,0,0,0,0,0,1,3,,,
8/11/16 7:00 PM,1,2,1,0,0,0,1,0,2,7,,,
8/11/16 8:00 PM,0,2,2,0,0,2,2,2,3,13,,,
8/11/16 9:00 PM,1,2,1,0,0,1,0,1,1,7,,,
8/11/16 10:00 PM,2,2,2,1,0,1,1,0,2,11,,,
8/11/16 11:00 PM,3,1,2,1,1,1,1,0,3,13,,,
8/12/16 12:00 AM,2,2,2,0,0,1,1,1,1,10,,,
8/12/16 1:00 AM,2,0,2,0,2,1,1,1,2,11,,,
8/12/16 2:00 AM,1,0,0,1,0,0,0,2,2,6,,,
8/12/16 3:00 AM,3,1,2,1,0,2,0,3,2,14,,,
8/12/16 4:00 AM,2,1,0,0,0,1,1,1,3,9,,,
8/12/16 5:00 AM,1,1,3,0,0,0,2,2,1,10,,,
8/12/16 6:00 AM,3,0,2,0,0,3,1,2,2,13,,,
8/12/16 7:00 AM,1,0,1,0,0,0,1,0,0,3,,,
8/12/16 8:00 AM,1,1,0,2,1,1,1,3,2,12,,,
8/12/16 9:00 AM,1,4,1,1,1,0,0,1,0,9,,,
8/12/16 10:00 AM,1,1,1,0,1,2,1,0,0,7,,,
8/12/16 11:00 AM,0,3,1,1,0,1,2,0,1,9,,,
8/12/16 12:00 PM,0,1,1,0,0,3,2,2,3,12,,,
8/12/16 1:00 PM,2,1,0,0,0,0,1,1,2,7,,,
8/12/16 2:00 PM,3,1,0,1,0,1,0,0,2,8,,,
8/12/16 3:00 PM,2,0,1,0,0,3,1,1,0,8,,,
8/12/16 4:00 PM,2,1,1,0,0,0,0,1,1,6,,,
8/12/16 5:00 PM,1,1,1,0,0,2,0,0,0,5,,,
8/12/16 6:00 PM,1,0,2,1,0,1,1,1,1,8,,,
8/12/16 7:00 PM,2,0,1,2,0,2,0,0,1,8,,,
8/12/16 8:00 PM,2,1,0,0,0,1,1,3,1,9,,,
8/12/16 9:00 PM,1,1,1,0,0,2,1,1,2,9,,,
8/12/16 10:00 PM,2,2,3,0,0,1,1,3,3,15,,,
8/12/16 11:00 PM,2,1,0,2,0,0,3,1,1,10,,,
8/13/16 12:00 AM,2,2,2,2,0,1,1,0,2,12,,,
8/13/16 1:00 AM,1,1,1,1,0,1,3,2,2,12,,,
8/13/16 2:00 AM,2,1,2,1,0,1,0,2,2,11,,,
8/13/16 3:00 AM,1,2,1,0,0,0,2,2,2,10,,,
8/13/16 4:00 AM,0,1,2,0,0,0,2,0,2,7,,,
8/13/16 5:00 AM,0,1,1,1,0,1,1,1,2,8,,,
8/13/16 6:00 AM,2,0,1,0,0,2,1,1,2,9,,,
8/13/16 7:00 AM,2,3,0,0,0,2,1,2,3,13,,,
8/13/16 8:00 AM,3,2,2,0,1,3,1,1,2,15,,,
8/13/16 9:00 AM,3,0,0,0,0,1,1,3,2,10,,,
8/13/16 10:00 AM,0,1,1,1,0,1,0,1,3,8,,,
8/13/16 11:00 AM,1,2,0,1,1,1,2,0,3,11,,,
8/13/16 12:00 PM,2,1,1,0,0,1,1,1,1,8,,,
8/13/16 1:00 PM,0,2,0,2,0,3,2,1,1,11,,,
8/13/16 2:00 PM,2,1,1,0,0,0,2,1,2,9,,,
8/13/16 3:00 PM,1,0,0,0,0,3,0,1,2,7,,,
8/13/16 4:00 PM,2,2,1,0,0,2,1,1,1,10,,,
8/13/16 5:00 PM,2,2,1,1,0,0,1,1,1,9,,,
8/13/16 6:00 PM,1,1,0,1,2,1,2,0,2,10,,,
8/13/16 7:00 PM,2,0,3,0,0,1,2,1,0,9,,,
8/13/16 8:00 PM,2,2,2,0,0,0,1,2,2,11,,,
8/13/16 9:00 PM,4,1,0,0,0,1,2,2,1,11,,,
8/13/16 10:00 PM,1,2,0,0,1,1,3,2,1,11,,,
8/13/16 11:00 PM,2,1,0,0,0,2,2,0,0,7,,,
8/14/16 12:00 AM,3,0,0,0,0,1,1,1,1,7,,,
8/14/16 1:00 AM,0,1,2,0,1,0,2,2,0,8,,,
8/14/16 2:00 AM,2,1,1,1,0,1,3,1,3,13,,,
8/14/16 3:00 AM,2,1,1,0,1,2,1,1,1,10,,,
8/14/16 4:00 AM,1,0,0,0,0,0,1,2,3,7,,,
8/14/16 5:00 AM,3,1,0,1,0,1,1,0,1,8,,,
8/14/16 6:00 AM,1,2,0,0,1,2,0,0,1,7,,,
8/14/16 7:00 AM,1,1,1,1,0,0,1,2,1,8,,,
8/14/16 8:00 AM,2,1,2,1,0,1,1,0,2,10,,,
8/14/16 9:00 AM,1,2,1,1,0,2,2,1,1,11,,,
8/14/16 10:00 AM,1,2,1,0,0,2,1,1,1,9,,,
8/14/16 11:00 AM,1,1,0,0,0,0,2,1,1,6,,,
8/14/16 12:00 PM,1,2,1,0,0,2,3,1,4,14,,,
8/14/16 1:00 PM,1,2,2,0,0,3,2,0,1,11,,,
8/14/16 2:00 PM,2,1,1,0,1,2,2,2,0,11,,,
8/14/16 3:00 PM,2,2,0,0,1,1,1,2,2,11,,,
8/14/16 4:00 PM,2,1,1,1,1,1,2,0,2,11,,,
8/14/16 5:00 PM,1,2,0,0,0,2,3,2,0,10,,,
8/14/16 6:00 PM,2,0,2,2,0,0,2,2,1,11,,,
8/14/16 7:00 PM,1,1,0,0,0,2,2,2,3,11,,,
8/14/16 8:00 PM,3,3,0,1,1,0,2,1,1,12,,,
8/14/16 9:00 PM,0,3,1,1,0,1,0,0,3,9,,,
8/14/16 10:00 PM,1,0,2,0,2,0,2,0,1,8,,,
8/14/16 11:00 PM,2,1,2,1,0,1,2,2,2,13,,,
8/15/16 12:00 AM,2,0,4,1,0,2,1,0,3,13,,,
8/15/16 1:00 AM,1,2,0,0,0,2,0,1,2,8,,,
8/15/16 2:00 AM,2,1,1,0,0,1,1,2,1,9,,,
8/15/16 3:00 AM,3,0,1,1,0,1,2,3,1,12,,,
8/15/16 4:00 AM,1,2,0,0,0,1,1,2,1,8,,,
8/15/16 5:00 AM,1,0,2,1,0,1,0,0,3,8,,,
8/15/16 6:00 AM,2,2,2,0,0,2,2,1,1,12,,,
8/15/16 7:00 AM,2,3,1,0,0,2,4,2,1,15,,,
8/15/16 8:00 AM,3,1,0,0,0,2,1,3,3,13,,,
8/15/16 9:00 AM,4,3,2,0,0,2,3,1,1,16,,,
8/15/16 10:00 AM,3,1,3,0,0,2,2,1,1,13,,,
8/15/16 11:00 AM,2,1,1,0,2,0,1,0,0,7,,,
8/15/16 12:00 PM,0,0,1,0,0,1,2,1,4,9,,,
8/15/16 1:00 PM,1,0,1,0,0,1,1,2,3,9,,,
8/15/16 2:00 PM,1,1,0,0,1,0,1,1,2,7,,,
8/15/16 3:00 PM,0,0,1,0,0,2,2,0,0,5,,,
8/15/16 4:00 PM,2,0,0,0,0,1,1,1,0,5,,,
8/15/16 5:00 PM,1,1,0,0,0,2,1,0,2,7,,,
8/15/16 6:00 PM,3,1,2,0,0,1,1,3,1,12,,,
8/15/16 7:00 PM,2,2,2,0,0,1,1,1,0,9,,,
8/15/16 8:00 PM,2,2,0,2,1,2,0,1,2,12,,,
8/15/16 9:00 PM,1,1,0,0,1,1,0,3,2,9,,,
8/15/16 10:00 PM,1,1,3,1,0,1,0,3,1,11,,,
8/15/16 11:00 PM,1,2,2,0,2,2,1,0,1,11,,,
8/16/16 12:00 AM,1,2,1,0,1,1,2,1,4,13,,,
8/16/16 1:00 AM,0,0,3,0,0,1,0,0,2,6,,,
8/16/16 2:00 AM,1,1,1,0,1,0,2,2,1,9,,,
8/16/16 3:00 AM,1,1,1,0,2,0,0,3,1,9,,,
8/16/16 4:00 AM,2,1,2,1,0,0,4,0,3,13,,,
8/16/16 5:00 AM,3,0,3,0,0,2,0,2,2,12,,,
8/16/16 6:00 AM,2,1,0,1,0,1,2,0,1,8,,,
8/16/16 7:00 AM,1,1,3,0,0,0,2,0,0,7,,,
8/16/16 8:00 AM,2,4,1,0,1,0,3,2,3,16,,,
8/16/16 9:00 AM,1,1,1,0,0,0,2,1,2,8,,,
8/16/16 10:00 AM,3,2,0,0,0,0,0,1,1,7,,,
8/16/16 11:00 AM,3,3,2,0,0,0,1,1,3,13,,,
8/16/16 12:00 PM,3,1,2,0,0,1,1,0,1,9,,,
8/16/16 1:00 PM,2,2,0,1,1,3,2,1,1,13,,,
8/16/16 2:00 PM,1,3,3,0,0,1,0,1,2,11,,,
8/16/16 3:00 PM,3,2,0,0,0,2,0,0,2,9,,,
8/16/16 4:00 PM,1,1,1,0,0,0,0,1,1,5,,,
8/16/16 5:00 PM,3,1,3,0,1,4,2,1,2,17,,,
8/16/16 6:00 PM,0,2,2,0,0,1,2,2,1,10,,,
8/16/16 7:00 PM,1,2,1,0,0,1,0,0,2,7,,,
8/16/16 8:00 PM,2,1,1,0,1,0,4,2,4,15,,,
8/16/16 9:00 PM,2,0,2,0,0,1,0,0,2,7,,,
8/16/16 10:00 PM,0,0,1,2,1,1,1,1,0,7,,,
8/16/16 11:00 PM,1,3,1,1,1,3,0,1,1,12,,,
8/17/16 12:00 AM,1,0,1,1,0,0,2,0,0,5,,,
8/17/16 1:00 AM,2,1,1,0,0,0,3,0,0,7,,,
8/17/16 2:00 AM,1,3,0,0,0,4,1,2,2,13,,,
8/17/16 3:00 AM,3,4,0,0,0,3,0,1,2,13,,,
8/17/16 4:00 AM,2,0,0,4,0,0,1,1,2,10,,,
8/17/16 5:00 AM,1,1,1,0,0,1,1,1,1,7,,,
8/17/16 6:00 AM,1,2,1,0,0,1,1,1,2,9,,,
8/17/16 7:00 AM,0,0,0,0,0,2,0,0,2,4,,,
8/17/16 8:00 AM,2,2,1,1,0,1,0,2,2,11,,,
8/17/16 9:00 AM,3,1,2,0,0,0,0,2,2,10,,,
8/17/16 10:00 AM,1,2,1,0,0,0,1,1,2,8,,,
8/17/16 11:00 AM,0,0,2,1,1,0,0,1,3,8,,,
8/17/16 12:00 PM,3,1,2,1,1,1,1,2,2,14,,,
8/17/16 1:00 PM,0,0,1,0,0,0,0,0,3,4,,,
8/17/16 2:00 PM,4,2,1,0,1,1,2,1,3,15,,,
8/17/16 3:00 PM,2,3,3,0,1,0,1,2,3,15,,,
8/17/16 4:00 PM,1,2,0,1,0,0,2,0,1,7,,,
8/17/16 5:00 PM,3,2,2,0,1,2,1,0,2,13,,,
8/17/16 6:00 PM,2,2,1,0,1,0,2,1,1,10,,,
8/17/16 7:00 PM,1,1,1,0,1,0,1,0,1,6,,,
8/17/16 8:00 PM,3,2,2,0,0,0,2,1,0,10,,,
8/17/16 9:00 PM,0,2,1,0,0,1,1,0,1,6,,,
8/17/16 10:00 PM,2,0,2,0,0,0,2,2,2,10,,,
8/17/16 11:00 PM,3,1,0,0,0,1,0,1,1,7,,,
8/18/16 12:00 AM,1,2,2,1,1,1,1,1,0,10,,,
8/18/16 1:00 AM,3,2,1,1,1,3,1,0,3,15,,,
8/18/16 2:00 AM,0,1,0,1,0,1,1,2,1,7,,,
8/18/16 3:00 AM,0,2,2,0,0,1,0,1,2,8,,,
8/18/16 4:00 AM,2,1,1,0,0,0,3,1,3,11,,,
8/18/16 5:00 AM,2,1,0,0,1,2,1,2,0,9,,,
8/18/16 6:00 AM,1,0,2,0,0,1,1,1,0,6,,,
8/18/16 7:00 AM,1,0,2,2,0,2,0,0,1,8,,,
8/18/16 8:00 AM,1,1,3,0,0,2,0,1,2,10,,,
8/18/16 9:00 AM,1,1,0,1,0,2,1,1,1,8,,,
8/18/16 10:00 AM,0,0,0,2,0,1,1,1,3,8,,,
8/18/16 11:00 AM,3,1,1,0,0,1,1,0,2,9,,,
8/18/16 12:00 PM,2,2,2,1,1,1,2,0,1,12,,,
8/18/16 1:00 PM,1,0,0,2,1,1,2,0,2,9,,,
8/18/16 2:00 PM,3,2,0,0,0,2,0,0,2,9,,,
8/18/16 3:00 PM,3,1,1,0,1,2,0,1,2,11,,,
8/18/16 4:00 PM,1,3,0,1,1,0,0,0,3,9,,,
8/18/16 5:00 PM,1,2,0,0,0,3,2,1,1,10,,,
8/18/16 6:00 PM,2,0,1,0,1,2,1,1,1,9,,,
8/18/16 7:00 PM,1,0,0,0,0,1,1,3,1,7,,,
8/18/16 8:00 PM,2,1,1,0,0,0,1,2,2,9,,,
8/18/16 9:00 PM,3,0,0,1,2,2,2,0,4,14,,,
8/18/16 10:00 PM,0,1,0,0,0,1,1,0,1,4,,,
8/18/16 11:00 PM,1,1,1,0,0,1,0,1,3,8,,,
8/19/16 12:00 AM,2,0,2,1,0,1,0,1,1,8,,,
8/19/16 1:00 AM,1,0,0,1,0,0,0,1,2,5,,,
8/19/16 2:00 AM,1,1,0,0,2,2,1,2,2,11,,,
8/19/16 3:00 AM,1,1,1,0,0,1,1,2,1,8,,,
8/19/16 4:00 AM,1,0,1,0,0,1,2,2,3,10,,,
8/19/16 5:00 AM,0,1,0,0,0,3,2,2,0,8,,,
8/19/16 6:00 AM,1,2,1,0,0,2,1,1,2,10,,,
8/19/16 7:00 AM,3,0,1,0,1,0,1,2,1,9,,,
8/19/16 8:00 AM,3,3,1,0,0,1,3,1,2,14,,,
8/19/16 9:00 AM,2,0,1,0,1,3,0,3,2,12,,,
8/19/16 10:00 AM,1,2,3,1,1,1,3,1,1,14,,,
8/19/16 11:00 AM,1,3,0,0,0,2,1,1,1,9,,,
8/19/16 12:00 PM,2,1,2,0,0,3,0,1,1,10,,,
8/19/16 1:00 PM,2,1,0,0,1,0,1,2,0,7,,,
8/19/16 2:00 PM,1,0,1,0,1,1,1,0,2,7,,,
8/19/16 3:00 PM,2,3,0,0,1,1,1,0,2,10,,,
8/19/16 4:00 PM,2,2,0,1,0,1,2,1,3,12,,,
8/19/16 5:00 PM,3,3,2,0,0,1,2,0,2,13,,,
8/19/16 6:00 PM,1,2,2,1,0,1,1,1,3,12,,,
8/19/16 7:00 PM,1,2,1,0,0,1,1,1,1,8,,,
8/19/16 8:00 PM,0,1,3,0,0,0,2,0,0,6,,,
8/19/16 9:00 PM,2,3,1,1,0,2,1,1,2,13,,,
8/19/16 10:00 PM,1,2,0,0,0,3,2,2,2,12,,,
8/19/16 11:00 PM,1,1,1,1,0,1,3,0,4,12,,,
8/20/16 12:00 AM,0,0,1,2,0,1,2,1,1,8,,,
8/20/16 1:00 AM,1,2,0,0,0,2,0,1,2,8,,,
8/20/16 2:00 AM,3,0,0,1,0,0,1,0,3,8,,,
8/20/16 3:00 AM,3,1,2,0,0,0,1,2,1,10,,,
8/20/16 4:00 AM,1,0,1,1,0,0,0,0,4,7,,,
8/20/16 5:00 AM,1,1,1,0,1,1,2,3,1,11,,,
8/20/16 6:00 AM,2,0,1,0,0,1,1,1,3,9,,,
8/20/16 7:00 AM,2,0,1,0,1,2,3,3,1,13,,,
8/20/16 8:00 AM,2,1,1,0,0,1,0,1,2,8,,,
8/20/16 9:00 AM,0,0,1,0,0,0,1,1,1,4,,,
8/20/16 10:00 AM,3,1,0,1,0,0,0,1,1,7,,,
8/20/16 11:00 AM,2,0,0,0,0,1,3,1,3,10,,,
8/20/16 12:00 PM,2,0,2,0,0,2,0,1,2,9,,,
8/20/16 1:00 PM,3,1,0,0,0,0,0,2,1,7,,,
8/20/16 2:00 PM,2,1,1,1,0,0,2,1,1,9,,,
8/20/16 3:00 PM,3,2,2,0,0,1,0,1,1,10,,,
8/20/16 4:00 PM,1,0,2,1,1,2,2,0,1,10,,,
8/20/16 5:00 PM,1,1,2,0,0,1,0,1,3,9,,,
8/20/16 6:00 PM,2,0,1,0,0,2,1,0,1,7,,,
8/20/16 7:00 PM,1,2,2,1,0,2,0,0,0,8,,,
8/20/16 8:00 PM,1,0,0,0,0,0,0,0,0,1,,,
8/20/16 9:00 PM,2,3,2,1,0,2,1,1,2,14,,,
8/20/16 10:00 PM,2,1,2,0,0,2,1,1,1,10,,,
8/20/16 11:00 PM,2,1,1,0,0,3,2,3,1,13,,,
8/21/16 12:00 AM,3,1,1,0,0,1,0,1,1,8,,,
8/21/16 1:00 AM,4,0,2,0,1,2,0,0,3,12,,,
8/21/16 2:00 AM,2,1,2,0,0,1,0,1,2,9,,,
8/21/16 3:00 AM,3,3,2,1,0,0,0,2,3,14,,,
8/21/16 4:00 AM,2,2,3,2,1,1,1,0,3,15,,,
8/21/16 5:00 AM,4,1,1,1,0,1,0,2,2,12,,,
8/21/16 6:00 AM,2,0,2,0,0,1,1,0,0,6,,,
8/21/16 7:00 AM,2,0,1,0,0,3,0,0,0,6,,,
8/21/16 8:00 AM,1,1,0,0,1,0,1,1,0,5,,,
8/21/16 9:00 AM,1,1,1,0,0,3,1,0,1,8,,,
8/21/16 10:00 AM,3,1,0,0,0,1,1,0,0,6,,,
8/21/16 11:00 AM,3,0,0,0,0,1,1,0,2,7,,,
8/21/16 12:00 PM,1,1,1,0,0,1,2,0,2,8,,,
8/21/16 1:00 PM,1,1,3,0,0,1,2,1,3,12,,,
8/21/16 2:00 PM,1,0,0,0,0,0,0,1,0,2,,,
8/21/16 3:00 PM,2,3,1,0,0,0,1,0,2,9,,,
8/21/16 4:00 PM,0,0,1,0,0,1,1,0,3,6,,,
8/21/16 5:00 PM,0,2,0,0,0,3,1,1,0,7,,,
8/21/16 6:00 PM,1,1,0,0,0,0,0,2,1,5,,,
8/21/16 7:00 PM,0,1,0,0,0,0,2,1,3,7,,,
8/21/16 8:00 PM,2,1,1,1,1,1,1,1,1,10,,,
8/21/16 9:00 PM,1,1,1,1,0,1,1,0,2,8,,,
8/21/16 10:00 PM,1,3,0,0,0,4,3,1,2,14,,,
8/21/16 11:00 PM,0,2,0,0,1,3,0,2,4,12,,,
8/22/16 12:00 AM,1,1,2,1,0,0,1,0,1,7,,,
8/22/16 1:00 AM,2,1,3,0,0,1,0,1,2,10,,,
8/22/16 2:00 AM,3,2,1,0,0,1,2,2,3,14,,,
8/22/16 3:00 AM,3,1,1,0,0,1,3,1,2,12,,,
8/22/16 4:00 AM,1,0,1,0,2,0,0,2,1,7,,,
8/22/16 5:00 AM,1,1,2,0,0,0,0,1,1,6,,,
8/22/16 6:00 AM,2,1,0,0,0,2,1,1,3,10,,,
8/22/16 7:00 AM,3,0,3,0,1,2,3,1,2,15,,,
8/22/16 8:00 AM,1,1,1,1,2,3,1,2,1,13,,,
8/22/16 9:00 AM,0,2,1,0,0,1,3,0,2,9,,,
8/22/16 10:00 AM,1,1,2,0,0,2,1,3,2,12,,,
8/22/16 11:00 AM,2,1,0,0,1,1,1,2,2,10,,,
8/22/16 12:00 PM,2,2,1,0,0,2,1,1,2,11,,,
8/22/16 1:00 PM,1,1,0,0,3,1,1,0,1,8,,,
8/22/16 2:00 PM,0,3,1,0,0,1,2,2,2,11,,,
8/22/16 3:00 PM,2,0,0,0,0,1,1,0,2,6,,,
8/22/16 4:00 PM,2,1,1,1,1,0,3,0,1,10,,,
8/22/16 5:00 PM,2,2,2,0,1,1,3,0,4,15,,,
8/22/16 6:00 PM,4,0,1,0,0,0,1,2,1,9,,,
8/22/16 7:00 PM,2,1,1,0,0,2,1,0,2,9,,,
8/22/16 8:00 PM,2,2,1,0,2,1,0,2,0,10,,,
8/22/16 9:00 PM,2,0,0,0,1,0,2,1,3,9,,,
8/22/16 10:00 PM,1,0,2,0,1,0,1,2,2,9,,,
8/22/16 11:00 PM,1,0,1,0,0,3,2,1,3,11,,,
8/23/16 12:00 AM,1,2,1,0,1,0,2,1,2,10,,,
8/23/16 1:00 AM,2,0,1,0,0,2,1,2,1,9,,,
8/23/16 2:00 AM,2,1,0,0,1,1,2,1,1,9,,,
8/23/16 3:00 AM,2,1,1,0,0,0,1,2,1,8,,,
8/23/16 4:00 AM,2,0,1,1,0,3,2,3,1,13,,,
8/23/16 5:00 AM,0,2,1,1,0,0,1,2,0,7,,,
8/23/16 6:00 AM,2,0,1,1,0,1,1,3,1,10,,,
8/23/16 7:00 AM,2,0,0,0,0,1,1,2,0,6,,,
8/23/16 8:00 AM,3,1,0,0,0,1,1,0,3,9,,,
8/23/16 9:00 AM,1,0,1,1,1,1,1,0,1,7,,,
8/23/16 10:00 AM,2,0,2,0,0,1,2,0,0,7,,,
8/23/16 11:00 AM,2,0,0,0,0,0,1,1,0,4,,,
8/23/16 12:00 PM,1,0,0,0,1,1,0,2,0,5,,,
8/23/16 1:00 PM,3,2,1,0,0,1,1,1,1,10,,,
8/23/16 2:00 PM,3,1,0,1,0,2,0,1,0,8,,,
8/23/16 3:00 PM,3,2,1,0,0,3,2,0,0,11,,,
8/23/16 4:00 PM,1,2,0,0,0,0,1,0,0,4,,,
8/23/16 5:00 PM,1,1,1,1,1,2,0,1,1,9,,,
8/23/16 6:00 PM,0,1,0,0,0,0,0,1,2,4,,,
8/23/16 7:00 PM,3,1,2,0,0,2,1,3,0,12,,,
8/23/16 8:00 PM,1,2,1,0,0,0,0,1,2,7,,,
8/23/16 9:00 PM,1,1,1,0,0,0,1,1,0,5,,,
8/23/16 10:00 PM,1,1,1,0,0,0,1,1,1,6,,,
8/23/16 11:00 PM,3,1,0,0,1,0,2,0,1,8,,,
8/24/16 12:00 AM,2,1,1,1,0,0,2,1,1,9,,,
8/24/16 1:00 AM,0,1,1,0,0,1,2,1,0,6,,,
8/24/16 2:00 AM,2,2,1,0,0,1,1,1,1,9,,,
8/24/16 3:00 AM,1,0,0,0,0,0,1,0,0,2,,,
8/24/16 4:00 AM,0,0,1,0,1,2,0,2,0,6,,,
8/24/16 5:00 AM,3,2,0,1,0,3,1,0,1,11,,,
8/24/16 6:00 AM,0,2,2,0,0,1,1,2,0,8,,,
8/24/16 7:00 AM,0,1,0,0,0,0,3,0,1,5,,,
8/24/16 8:00 AM,4,0,1,0,0,1,2,2,0,10,,,
8/24/16 9:00 AM,1,0,0,1,0,1,1,1,0,5,,,
8/24/16 10:00 AM,2,2,2,0,2,0,2,2,0,12,,,
8/24/16 11:00 AM,1,1,1,1,0,2,1,1,0,8,,,
8/24/16 12:00 PM,1,1,2,0,0,1,0,0,0,5,,,
8/24/16 1:00 PM,3,2,0,1,0,0,3,2,4,15,,,
8/24/16 2:00 PM,1,0,2,0,0,1,2,2,0,8,,,
8/24/16 3:00 PM,3,2,1,1,1,2,0,3,0,13,,,
8/24/16 4:00 PM,2,1,1,0,0,1,0,3,0,8,,,
8/24/16 5:00 PM,1,1,2,2,0,0,2,0,0,8,,,
8/24/16 6:00 PM,0,2,2,1,0,1,0,3,2,11,,,
8/24/16 7:00 PM,1,0,0,0,0,0,2,1,1,5,,,
8/24/16 8:00 PM,2,1,4,1,0,2,2,2,0,14,,,
8/24/16 9:00 PM,0,1,1,0,0,1,2,0,0,5,,,
8/24/16 10:00 PM,0,2,1,1,0,2,0,3,1,10,,,
8/24/16 11:00 PM,2,2,1,0,0,0,0,0,0,5,,,
8/25/16 12:00 AM,2,0,1,0,0,2,1,0,0,6,,,
8/25/16 1:00 AM,1,0,2,1,0,1,0,1,0,6,,,
8/25/16 2:00 AM,2,0,2,0,0,1,0,1,0,6,,,
8/25/16 3:00 AM,2,1,1,0,2,1,0,0,0,7,,,
8/25/16 4:00 AM,2,0,1,0,1,0,1,3,0,8,,,
8/25/16 5:00 AM,1,2,0,0,0,2,2,2,1,10,,,
8/25/16 6:00 AM,2,1,1,1,2,1,0,2,0,10,,,
8/25/16 7:00 AM,1,3,1,0,1,0,0,1,0,7,,,
8/25/16 8:00 AM,1,2,1,1,1,2,0,2,1,11,,,
8/25/16 9:00 AM,1,1,2,0,0,1,0,1,1,7,,,
8/25/16 10:00 AM,1,1,0,0,0,0,1,1,0,4,,,
8/25/16 11:00 AM,2,0,2,0,1,2,1,3,0,11,,,
8/25/16 12:00 PM,1,1,0,2,0,1,0,2,1,8,,,
8/25/16 1:00 PM,1,1,0,1,0,1,0,0,0,4,,,
8/25/16 2:00 PM,1,3,0,0,0,2,1,1,0,8,,,
8/25/16 3:00 PM,1,3,1,0,1,3,1,0,0,10,,,
8/25/16 4:00 PM,1,1,1,0,0,0,1,0,0,4,,,
8/25/16 5:00 PM,1,1,0,1,0,2,0,0,0,5,,,
8/25/16 6:00 PM,1,1,1,0,0,0,1,0,1,5,,,
8/25/16 7:00 PM,1,1,1,0,0,2,0,0,0,5,,,
8/25/16 8:00 PM,0,2,1,1,0,0,0,1,1,6,,,
8/25/16 9:00 PM,3,1,2,1,0,1,0,2,1,11,,,
8/25/16 10:00 PM,1,2,2,1,0,1,2,1,1,11,,,
8/25/16 11:00 PM,3,1,2,1,0,1,2,2,1,13,,,
8/26/16 12:00 AM,1,0,1,0,0,0,1,2,0,5,,,
8/26/16 1:00 AM,1,1,1,0,1,0,1,1,0,6,,,
8/26/16 2:00 AM,1,2,0,1,1,2,1,0,0,8,,,
8/26/16 3:00 AM,2,0,1,0,0,1,0,0,1,5,,,
8/26/16 4:00 AM,1,2,1,0,0,1,1,0,0,6,,,
8/26/16 5:00 AM,0,1,1,2,0,0,1,1,2,8,,,
8/26/16 6:00 AM,2,1,1,1,0,1,0,0,0,6,,,
8/26/16 7:00 AM,3,2,2,0,0,3,1,1,1,13,,,
8/26/16 8:00 AM,1,0,1,0,1,2,1,1,0,7,,,
8/26/16 9:00 AM,3,2,0,0,1,1,2,0,2,11,,,
8/26/16 10:00 AM,3,2,1,2,0,1,1,1,0,11,,,
8/26/16 11:00 AM,2,0,2,0,0,2,0,1,3,10,,,
8/26/16 12:00 PM,2,1,1,0,0,0,1,2,1,8,,,
8/26/16 1:00 PM,2,0,2,0,0,1,0,0,1,6,,,
8/26/16 2:00 PM,1,3,0,2,0,1,1,1,0,9,,,
8/26/16 3:00 PM,1,1,1,0,0,2,1,1,0,7,,,
8/26/16 4:00 PM,0,2,1,0,1,1,3,1,1,10,,,
8/26/16 5:00 PM,3,1,1,0,0,1,1,0,1,8,,,
8/26/16 6:00 PM,3,1,1,0,1,1,0,1,0,8,,,
8/26/16 7:00 PM,3,2,1,1,0,2,1,0,0,10,,,
8/26/16 8:00 PM,1,1,0,1,1,0,1,1,0,6,,,
8/26/16 9:00 PM,2,0,1,0,0,1,0,2,1,7,,,
8/26/16 10:00 PM,0,1,0,0,0,3,0,2,0,6,,,
8/26/16 11:00 PM,1,0,0,3,0,0,2,1,0,7,,,
8/27/16 12:00 AM,2,3,0,1,0,1,1,0,1,9,,,
8/27/16 1:00 AM,1,1,1,2,0,0,2,0,0,7,,,
8/27/16 2:00 AM,3,1,1,1,0,2,1,2,0,11,,,
8/27/16 3:00 AM,1,4,0,0,0,3,1,1,3,13,,,
8/27/16 4:00 AM,2,1,0,1,1,1,0,0,0,6,,,
8/27/16 5:00 AM,0,2,1,0,0,2,1,0,0,6,,,
8/27/16 6:00 AM,1,2,2,0,0,2,0,2,0,9,,,
8/27/16 7:00 AM,2,0,1,0,1,0,2,0,0,6,,,
8/27/16 8:00 AM,1,0,0,1,1,0,0,2,1,6,,,
8/27/16 9:00 AM,2,3,0,0,1,1,0,0,0,7,,,
8/27/16 10:00 AM,2,2,0,0,0,1,0,1,1,7,,,
8/27/16 11:00 AM,0,0,0,1,0,1,3,0,2,7,,,
8/27/16 12:00 PM,2,0,2,1,0,0,1,1,1,8,,,
8/27/16 1:00 PM,3,0,1,1,0,2,2,1,0,10,,,
8/27/16 2:00 PM,3,1,1,0,0,1,1,1,0,8,,,
8/27/16 3:00 PM,0,1,2,0,0,1,2,0,2,8,,,
8/27/16 4:00 PM,1,1,2,0,0,1,4,1,1,11,,,
8/27/16 5:00 PM,2,1,1,0,0,0,2,2,1,9,,,
8/27/16 6:00 PM,1,1,0,0,0,2,2,1,1,8,,,
8/27/16 7:00 PM,1,0,0,0,0,1,0,3,0,5,,,
8/27/16 8:00 PM,3,1,1,0,1,0,0,1,0,7,,,
8/27/16 9:00 PM,2,1,1,1,1,0,0,2,0,8,,,
8/27/16 10:00 PM,0,0,1,2,1,1,2,0,1,8,,,
8/27/16 11:00 PM,1,1,1,0,0,1,2,2,1,9,,,
8/28/16 12:00 AM,2,3,1,0,0,1,1,2,0,10,,,
8/28/16 1:00 AM,3,2,1,0,1,0,0,2,0,9,,,
8/28/16 2:00 AM,3,3,1,1,0,1,0,2,0,11,,,
8/28/16 3:00 AM,3,2,0,0,1,0,1,1,0,8,,,
8/28/16 4:00 AM,1,1,1,0,0,3,1,1,3,11,,,
8/28/16 5:00 AM,2,0,0,0,0,1,1,2,0,6,,,
8/28/16 6:00 AM,3,0,2,0,0,1,0,1,1,8,,,
8/28/16 7:00 AM,3,2,1,0,0,0,3,2,1,12,,,
8/28/16 8:00 AM,1,2,2,0,0,0,0,1,0,6,,,
8/28/16 9:00 AM,0,1,2,0,1,1,0,1,1,7,,,
8/28/16 10:00 AM,2,2,1,0,0,1,0,2,2,10,,,
8/28/16 11:00 AM,1,0,0,0,0,1,0,0,0,2,,,
8/28/16 12:00 PM,1,3,2,0,0,2,1,0,2,11,,,
8/28/16 1:00 PM,1,1,2,0,0,0,1,1,1,7,,,
8/28/16 2:00 PM,3,1,2,1,0,3,1,0,0,11,,,
8/28/16 3:00 PM,0,2,0,0,0,0,3,1,0,6,,,
8/28/16 4:00 PM,2,0,2,0,1,0,2,1,1,9,,,
8/28/16 5:00 PM,2,0,1,1,0,0,1,1,0,6,,,
8/28/16 6:00 PM,2,2,0,0,0,2,2,1,0,9,,,
8/28/16 7:00 PM,1,1,2,0,0,1,2,0,0,7,,,
8/28/16 8:00 PM,2,1,1,0,0,1,0,1,2,8,,,
8/28/16 9:00 PM,4,0,3,0,1,0,2,2,2,14,,,
8/28/16 10:00 PM,0,2,0,3,0,2,0,2,0,9,,,
8/28/16 11:00 PM,1,0,2,1,0,1,2,1,1,9,,,
8/29/16 12:00 AM,0,1,0,0,0,0,0,1,1,3,,,
8/29/16 1:00 AM,1,2,1,0,0,2,1,1,1,9,,,
8/29/16 2:00 AM,1,0,1,0,1,0,1,3,1,8,,,
8/29/16 3:00 AM,0,0,1,1,1,1,2,0,1,7,,,
8/29/16 4:00 AM,2,2,1,0,0,2,2,2,0,11,,,
8/29/16 5:00 AM,1,1,1,0,1,1,1,1,1,8,,,
8/29/16 6:00 AM,1,1,2,0,0,0,1,3,1,9,,,
8/29/16 7:00 AM,1,1,1,1,0,1,2,2,0,9,,,
8/29/16 8:00 AM,3,1,0,0,0,2,0,2,0,8,,,
8/29/16 9:00 AM,1,0,2,0,0,2,2,1,1,9,,,
8/29/16 10:00 AM,1,1,1,1,0,0,2,2,0,8,,,
8/29/16 11:00 AM,3,2,0,1,1,1,0,1,0,9,,,
8/29/16 12:00 PM,0,0,1,0,1,2,0,1,2,7,,,
8/29/16 1:00 PM,1,1,1,0,1,0,1,1,0,6,,,
8/29/16 2:00 PM,2,1,2,2,1,1,1,0,0,10,,,
8/29/16 3:00 PM,2,0,2,2,1,1,2,1,0,11,,,
8/29/16 4:00 PM,1,2,2,0,0,0,1,1,1,8,,,
8/29/16 5:00 PM,1,2,1,0,1,2,1,0,0,8,,,
8/29/16 6:00 PM,3,2,2,1,0,0,1,1,1,11,,,
8/29/16 7:00 PM,2,1,0,0,0,1,0,0,0,4,,,
8/29/16 8:00 PM,0,1,1,0,0,1,4,1,1,9,,,
8/29/16 9:00 PM,2,1,2,2,1,0,0,2,2,12,,,
8/29/16 10:00 PM,1,0,3,0,0,0,2,2,1,9,,,
8/29/16 11:00 PM,1,3,1,0,2,0,2,0,1,10,,,
8/30/16 12:00 AM,1,0,1,0,0,1,0,0,0,3,,,
8/30/16 1:00 AM,3,4,1,0,0,1,0,1,1,11,,,
8/30/16 2:00 AM,1,2,1,0,0,1,0,0,2,7,,,
8/30/16 3:00 AM,1,1,0,0,2,1,3,1,0,9,,,
8/30/16 4:00 AM,1,1,1,2,0,0,1,3,1,10,,,
8/30/16 5:00 AM,2,0,0,0,0,3,2,0,0,7,,,
8/30/16 6:00 AM,0,2,2,0,0,0,0,1,0,5,,,
8/30/16 7:00 AM,2,1,1,1,1,0,0,3,0,9,,,
8/30/16 8:00 AM,1,1,1,1,0,1,3,2,0,10,,,
8/30/16 9:00 AM,0,2,0,1,1,1,2,0,0,7,,,
8/30/16 10:00 AM,3,1,1,0,0,0,1,3,0,9,,,
8/30/16 11:00 AM,1,1,4,0,0,2,2,2,0,12,,,
8/30/16 12:00 PM,0,1,2,0,0,1,0,1,1,6,,,
8/30/16 1:00 PM,1,0,1,0,1,0,0,1,1,5,,,
8/30/16 2:00 PM,2,1,1,1,0,3,0,1,0,9,,,
8/30/16 3:00 PM,1,0,0,0,1,4,0,3,0,9,,,
8/30/16 4:00 PM,1,2,2,0,0,1,1,1,1,9,,,
8/30/16 5:00 PM,1,1,1,1,0,0,1,0,0,5,,,
8/30/16 6:00 PM,1,1,1,1,0,1,0,2,0,7,,,
8/30/16 7:00 PM,1,1,1,0,0,0,1,3,0,7,,,
8/30/16 8:00 PM,2,1,0,1,0,1,1,1,1,8,,,
8/30/16 9:00 PM,1,3,0,1,0,0,2,0,1,8,,,
8/30/16 10:00 PM,3,0,2,0,1,0,1,2,1,10,,,
8/30/16 11:00 PM,1,1,1,1,0,0,2,1,2,9,,,
8/31/16 12:00 AM,0,0,2,1,1,1,1,1,1,8,,,
8/31/16 1:00 AM,1,0,2,0,1,2,1,1,0,8,,,
8/31/16 2:00 AM,1,0,1,1,0,2,0,1,2,8,,,
8/31/16 3:00 AM,2,1,0,0,0,1,1,0,0,5,,,
8/31/16 4:00 AM,3,1,3,0,0,0,3,1,1,12,,,
8/31/16 5:00 AM,2,1,1,0,0,0,3,1,0,8,,,
8/31/16 6:00 AM,0,0,2,0,0,0,0,2,0,4,,,
8/31/16 7:00 AM,3,0,1,0,0,1,1,0,1,7,,,
8/31/16 8:00 AM,2,1,2,1,0,2,1,2,0,11,,,
8/31/16 9:00 AM,2,2,1,1,0,0,1,2,1,10,,,
8/31/16 10:00 AM,2,1,1,0,0,1,2,0,2,9,,,
8/31/16 11:00 AM,2,1,3,0,0,0,0,0,2,8,,,
8/31/16 12:00 PM,1,1,2,1,0,1,1,0,0,7,,,
8/31/16 1:00 PM,2,2,1,0,0,0,1,0,1,7,,,
8/31/16 2:00 PM,1,0,1,0,1,2,2,1,1,9,,,
8/31/16 3:00 PM,2,1,2,1,0,1,2,1,2,12,,,
8/31/16 4:00 PM,3,2,2,0,0,3,2,1,0,13,,,
8/31/16 5:00 PM,2,1,1,0,0,1,1,2,0,8,,,
8/31/16 6:00 PM,2,2,2,0,0,0,0,1,1,8,,,
8/31/16 7:00 PM,2,0,0,0,1,1,1,1,2,8,,,
8/31/16 8:00 PM,1,0,3,2,0,2,0,0,2,10,,,
8/31/16 9:00 PM,2,3,1,0,0,1,0,0,0,7,,,
8/31/16 10:00 PM,2,1,3,0,0,1,2,1,0,10,,,
8/31/16 11:00 PM,2,2,2,0,1,0,0,1,0,8,,,
12/1/16 12:00 AM,1,1,1,0,0,0,2,2,0,7,,,
12/1/16 1:00 AM,1,2,2,1,0,2,1,1,2,12,,,
12/1/16 2:00 AM,3,2,0,0,0,2,1,0,1,9,,,
12/1/16 3:00 AM,1,1,1,0,0,0,1,1,2,7,,,
12/1/16 4:00 AM,1,0,2,0,0,1,1,2,1,8,,,
12/1/16 5:00 AM,3,3,1,1,2,4,2,3,1,20,,,
12/1/16 6:00 AM,1,2,0,0,0,1,2,1,0,7,,,
12/1/16 7:00 AM,1,2,0,0,1,3,3,1,0,11,,,
12/1/16 8:00 AM,3,0,0,0,1,1,1,1,1,8,,,
12/1/16 9:00 AM,1,2,0,0,0,2,1,2,0,8,,,
12/1/16 10:00 AM,1,0,0,1,1,1,2,0,1,7,,,
12/1/16 11:00 AM,2,2,1,0,0,2,1,1,1,10,,,
12/1/16 12:00 PM,1,2,0,0,0,2,1,1,0,7,,,
12/1/16 1:00 PM,2,0,1,0,1,0,1,1,0,6,,,
12/1/16 2:00 PM,1,1,2,0,2,0,1,0,1,8,,,
12/1/16 3:00 PM,2,2,1,0,1,1,0,0,0,7,,,
12/1/16 4:00 PM,1,3,0,1,0,0,0,0,1,6,,,
12/1/16 5:00 PM,1,1,3,0,0,0,0,0,0,5,,,
12/1/16 6:00 PM,2,1,1,0,0,2,0,0,1,7,,,
12/1/16 7:00 PM,2,2,0,0,1,1,2,0,0,8,,,
12/1/16 8:00 PM,3,1,0,1,1,0,1,4,0,11,,,
12/1/16 9:00 PM,1,2,1,2,1,1,0,3,1,12,,,
12/1/16 10:00 PM,2,1,1,0,2,1,3,2,2,14,,,
12/1/16 11:00 PM,3,1,0,1,0,1,1,1,1,9,,,
12/2/16 1:00 AM,0,1,1,0,0,1,3,3,1,10,,,
12/2/16 2:00 AM,1,1,3,1,0,2,1,2,0,11,,,
12/2/16 3:00 AM,3,1,1,1,0,1,1,1,0,9,,,
12/2/16 4:00 AM,1,1,2,0,0,0,2,2,0,8,,,
12/2/16 5:00 AM,3,0,2,0,0,0,0,1,0,6,,,
12/2/16 6:00 AM,3,3,1,0,1,0,1,0,2,11,,,
12/2/16 7:00 AM,2,0,0,1,2,2,2,1,1,11,,,
12/2/16 8:00 AM,2,2,3,0,1,1,2,1,0,12,,,
12/2/16 9:00 AM,2,0,1,0,0,1,1,1,2,8,,,
12/2/16 10:00 AM,3,0,0,0,0,0,1,2,0,6,,,
12/2/16 11:00 AM,2,0,2,1,0,1,0,2,0,8,,,
12/2/16 12:00 PM,0,3,1,0,1,0,2,0,0,7,,,
12/2/16 1:00 PM,0,3,0,0,0,1,1,0,0,5,,,
12/2/16 2:00 PM,3,1,0,0,0,1,1,2,0,8,,,
12/2/16 3:00 PM,3,1,0,0,0,1,1,2,2,10,,,
12/2/16 4:00 PM,1,1,1,1,0,1,1,0,0,6,,,
12/2/16 5:00 PM,1,1,0,0,0,1,2,0,0,5,,,
12/2/16 6:00 PM,0,3,3,1,1,1,0,1,0,10,,,
12/2/16 7:00 PM,1,1,1,0,2,1,2,1,2,11,,,
12/2/16 8:00 PM,1,2,0,0,0,0,2,1,2,8,,,
12/2/16 9:00 PM,1,1,2,0,0,0,1,0,1,6,,,
12/2/16 10:00 PM,1,1,0,0,0,0,1,0,0,3,,,
12/2/16 11:00 PM,1,3,0,0,0,0,0,1,2,7,,,
12/3/16 12:00 AM,1,3,0,0,0,1,0,1,0,6,,,
12/3/16 1:00 AM,1,0,2,0,0,3,0,2,2,10,,,
12/3/16 2:00 AM,0,0,0,2,0,3,3,1,0,9,,,
12/3/16 3:00 AM,2,2,1,0,0,2,0,2,1,10,,,
12/3/16 4:00 AM,2,1,0,0,1,1,2,3,1,11,,,
12/3/16 5:00 AM,2,1,0,0,1,2,1,2,0,9,,,
12/3/16 6:00 AM,2,1,1,0,0,0,3,0,2,9,,,
12/3/16 7:00 AM,0,2,1,1,0,3,1,2,0,10,,,
12/3/16 8:00 AM,1,3,2,0,0,1,2,1,2,12,,,
12/3/16 9:00 AM,1,0,1,0,0,2,1,1,0,6,,,
12/3/16 10:00 AM,2,2,0,0,0,1,0,0,1,6,,,
12/3/16 11:00 AM,2,0,2,1,0,1,0,1,1,8,,,
12/3/16 12:00 PM,2,0,2,0,1,2,3,0,2,12,,,
12/3/16 1:00 PM,1,1,2,0,2,0,0,2,1,9,,,
12/3/16 2:00 PM,0,0,1,1,0,2,2,1,0,7,,,
12/3/16 3:00 PM,3,1,3,1,0,3,2,1,1,15,,,
12/3/16 4:00 PM,2,2,1,0,0,1,1,1,0,8,,,
12/3/16 5:00 PM,2,1,1,0,1,0,1,0,2,8,,,
12/3/16 6:00 PM,1,3,0,0,0,0,1,3,0,8,,,
12/3/16 7:00 PM,1,1,0,1,0,0,3,0,2,8,,,
12/3/16 8:00 PM,1,2,1,0,0,1,1,2,2,10,,,
12/3/16 9:00 PM,1,1,0,0,0,1,2,3,0,8,,,
12/3/16 10:00 PM,2,0,1,0,0,2,2,2,1,10,,,
12/3/16 11:00 PM,2,2,1,0,0,1,1,2,1,10,,,
12/4/16 12:00 AM,3,0,1,0,0,0,1,2,0,7,,,
12/4/16 1:00 AM,2,1,1,0,1,1,1,0,0,7,,,
12/4/16 2:00 AM,1,1,1,0,0,1,2,2,0,8,,,
12/4/16 3:00 AM,3,1,3,2,0,2,2,2,1,16,,,
12/4/16 4:00 AM,2,0,0,0,0,2,0,2,0,6,,,
12/4/16 5:00 AM,2,0,2,0,1,1,3,0,0,9,,,
12/4/16 6:00 AM,1,1,1,1,0,3,1,2,2,12,,,
12/4/16 7:00 AM,2,1,0,0,0,1,1,1,0,6,,,
12/4/16 8:00 AM,1,0,1,1,0,1,0,1,0,5,,,
12/4/16 9:00 AM,2,0,1,0,0,0,1,2,2,8,,,
12/4/16 10:00 AM,2,1,1,0,0,1,1,0,2,8,,,
12/4/16 11:00 AM,4,1,2,0,0,2,1,0,0,10,,,
12/4/16 12:00 PM,2,1,2,0,0,1,1,2,1,10,,,
12/4/16 1:00 PM,1,1,1,1,0,2,3,3,2,14,,,
12/4/16 2:00 PM,1,1,0,0,0,0,0,0,2,4,,,
12/4/16 3:00 PM,1,1,0,0,0,1,2,1,0,6,,,
12/4/16 4:00 PM,3,1,0,1,0,1,1,1,1,9,,,
12/4/16 5:00 PM,1,0,1,1,0,2,2,0,1,8,,,
12/4/16 6:00 PM,1,1,2,0,1,1,2,1,1,10,,,
12/4/16 7:00 PM,2,2,2,0,0,1,1,2,0,10,,,
12/4/16 8:00 PM,1,2,1,0,0,2,0,2,0,8,,,
12/4/16 9:00 PM,1,2,2,0,0,0,2,3,0,10,,,
12/4/16 10:00 PM,1,0,2,0,0,1,2,1,0,7,,,
12/4/16 11:00 PM,4,1,2,0,1,0,1,2,0,11,,,
12/5/16 12:00 AM,2,3,0,0,1,1,3,2,0,12,,,
12/5/16 1:00 AM,1,0,0,0,0,0,0,0,0,1,,,
12/5/16 2:00 AM,2,3,1,0,0,1,0,1,1,9,,,
12/5/16 3:00 AM,1,3,1,0,0,0,3,2,2,12,,,
12/5/16 4:00 AM,2,1,1,0,0,0,0,2,1,7,,,
12/5/16 5:00 AM,2,3,0,0,2,2,3,3,0,15,,,
12/5/16 6:00 AM,0,0,0,0,0,0,0,2,1,3,,,
12/5/16 7:00 AM,0,0,3,1,0,1,2,2,0,9,,,
12/5/16 8:00 AM,1,0,2,0,0,0,0,1,2,6,,,
12/5/16 9:00 AM,1,2,2,1,0,0,0,0,0,6,,,
12/5/16 10:00 AM,1,2,0,0,0,4,1,1,2,11,,,
12/5/16 11:00 AM,3,1,0,1,1,0,2,0,0,8,,,
12/5/16 12:00 PM,3,2,1,0,1,2,1,0,0,10,,,
12/5/16 1:00 PM,0,2,2,0,1,1,2,2,0,10,,,
12/5/16 2:00 PM,1,1,1,0,0,1,0,1,1,6,,,
12/5/16 3:00 PM,2,0,0,0,0,0,1,2,1,6,,,
12/5/16 4:00 PM,1,2,1,0,0,1,3,2,1,11,,,
12/5/16 5:00 PM,1,0,3,0,0,0,2,2,1,9,,,
12/5/16 6:00 PM,1,2,2,0,0,2,1,1,2,11,,,
12/5/16 7:00 PM,1,2,0,0,0,2,1,1,0,7,,,
12/5/16 8:00 PM,2,1,1,0,0,2,1,1,1,9,,,
12/5/16 9:00 PM,2,1,4,0,0,0,0,2,0,9,,,
12/5/16 10:00 PM,3,0,2,0,0,2,2,2,3,14,,,
12/5/16 11:00 PM,0,2,1,1,1,3,1,0,1,10,,,
12/6/16 12:00 AM,0,1,1,0,0,1,1,0,0,4,,,
12/6/16 1:00 AM,2,1,1,0,0,1,1,0,0,6,,,
12/6/16 2:00 AM,1,1,2,0,0,2,1,2,0,9,,,
12/6/16 3:00 AM,2,0,1,0,0,0,3,0,0,6,,,
12/6/16 4:00 AM,0,2,1,1,0,0,3,0,0,7,,,
12/6/16 5:00 AM,2,0,2,0,0,0,3,3,1,11,,,
12/6/16 6:00 AM,2,1,1,0,2,2,2,3,2,15,,,
12/6/16 7:00 AM,1,2,1,1,0,3,1,0,1,10,,,
12/6/16 8:00 AM,2,3,0,1,0,2,2,0,0,10,,,
12/6/16 9:00 AM,2,2,1,0,0,1,1,1,0,8,,,
12/6/16 10:00 AM,2,1,0,2,0,1,1,2,2,11,,,
12/6/16 11:00 AM,1,0,2,0,0,1,1,0,0,5,,,
12/6/16 12:00 PM,0,2,1,2,1,1,2,2,0,11,,,
12/6/16 1:00 PM,1,1,0,0,1,2,0,1,0,6,,,
12/6/16 2:00 PM,3,1,2,0,0,0,0,1,0,7,,,
12/6/16 3:00 PM,1,0,0,1,0,0,1,0,0,3,,,
12/6/16 4:00 PM,2,2,2,0,0,1,1,2,0,10,,,
12/6/16 5:00 PM,1,1,1,0,0,0,1,2,2,8,,,
12/6/16 6:00 PM,2,0,1,0,0,1,0,2,2,8,,,
12/6/16 7:00 PM,1,0,1,0,1,2,1,1,0,7,,,
12/6/16 8:00 PM,1,1,0,0,0,0,0,1,0,3,,,
12/6/16 9:00 PM,1,0,3,0,0,0,1,0,1,6,,,
12/6/16 10:00 PM,3,2,1,0,0,2,0,0,0,8,,,
12/6/16 11:00 PM,2,2,1,0,0,1,2,2,3,13,,,
12/7/16 12:00 AM,0,0,0,0,0,0,0,0,0,0,,,
12/7/16 1:00 AM,0,0,1,0,0,0,2,4,2,9,,,
12/7/16 2:00 AM,3,1,1,0,0,1,0,1,0,7,,,
12/7/16 3:00 AM,1,1,2,0,0,0,1,0,1,6,,,
12/7/16 4:00 AM,3,2,0,0,1,1,1,0,0,8,,,
12/7/16 5:00 AM,3,0,2,0,0,1,0,0,0,6,,,
12/7/16 6:00 AM,1,0,0,0,0,3,1,1,1,7,,,
12/7/16 7:00 AM,2,2,2,1,0,3,1,1,1,13,,,
12/7/16 8:00 AM,0,1,0,1,0,1,2,1,1,7,,,
12/7/16 9:00 AM,0,1,1,0,0,1,0,1,0,4,,,
12/7/16 10:00 AM,4,0,1,1,1,1,0,1,1,10,,,
12/7/16 11:00 AM,2,0,1,1,0,1,2,2,2,11,,,
12/7/16 12:00 PM,1,0,0,0,1,2,1,1,0,6,,,
12/7/16 1:00 PM,2,1,0,0,0,0,2,0,0,5,,,
12/7/16 2:00 PM,2,3,0,0,0,1,1,1,0,8,,,
12/7/16 3:00 PM,1,2,1,1,0,0,2,3,1,11,,,
12/7/16 4:00 PM,2,2,2,0,0,0,0,1,0,7,,,
12/7/16 5:00 PM,2,1,2,1,1,1,2,0,0,10,,,
12/7/16 6:00 PM,0,3,0,1,2,1,2,0,2,11,,,
12/7/16 7:00 PM,0,2,3,0,0,1,0,2,1,9,,,
12/7/16 8:00 PM,3,1,2,0,0,0,1,1,2,10,,,
12/7/16 9:00 PM,1,1,1,0,0,0,1,1,1,6,,,
12/7/16 10:00 PM,1,2,2,1,0,2,0,1,0,9,,,
12/7/16 11:00 PM,1,0,1,0,0,2,0,0,0,4,,,
12/8/16 12:00 AM,1,2,0,1,1,1,1,0,2,9,,,
12/8/16 1:00 AM,2,0,2,1,2,0,1,2,2,12,,,
12/8/16 2:00 AM,3,0,1,0,0,1,3,0,0,8,,,
12/8/16 3:00 AM,0,2,1,1,0,0,1,4,1,10,,,
12/8/16 4:00 AM,1,0,2,0,1,0,2,1,1,8,,,
12/8/16 5:00 AM,3,2,2,0,1,1,4,1,1,15,,,
12/8/16 6:00 AM,1,1,2,0,0,1,3,1,0,9,,,
12/8/16 7:00 AM,2,1,1,0,0,0,1,0,0,5,,,
12/8/16 8:00 AM,1,0,0,0,2,1,2,0,0,6,,,
12/8/16 9:00 AM,2,1,1,0,0,2,2,1,2,11,,,
12/8/16 10:00 AM,3,1,0,0,1,0,2,1,0,8,,,
12/8/16 11:00 AM,0,1,0,0,2,0,1,1,0,5,,,
12/8/16 12:00 PM,2,1,0,0,0,1,2,1,0,7,,,
12/8/16 1:00 PM,0,1,1,0,0,2,2,2,1,9,,,
12/8/16 2:00 PM,2,3,0,0,0,1,0,1,1,8,,,
12/8/16 3:00 PM,2,0,1,0,0,1,1,0,0,5,,,
12/8/16 4:00 PM,1,1,0,0,0,0,2,1,1,6,,,
12/8/16 5:00 PM,1,3,1,1,0,4,1,2,1,14,,,
12/8/16 6:00 PM,2,2,1,0,0,2,2,1,0,10,,,
12/8/16 7:00 PM,3,2,1,0,0,2,3,1,1,13,,,
12/8/16 8:00 PM,2,1,1,0,1,0,0,1,0,6,,,
12/8/16 9:00 PM,2,1,1,0,0,1,3,0,1,9,,,
12/8/16 10:00 PM,1,2,1,0,0,1,1,1,2,9,,,
12/8/16 11:00 PM,1,1,2,0,0,2,0,1,0,7,,,
12/9/16 12:00 AM,2,0,0,0,0,2,1,1,1,7,,,
12/9/16 1:00 AM,2,3,1,0,0,0,0,2,0,8,,,
12/9/16 2:00 AM,3,3,1,0,0,1,2,1,2,13,,,
12/9/16 3:00 AM,3,0,1,0,1,2,0,0,0,7,,,
12/9/16 4:00 AM,2,0,2,0,0,2,0,1,1,8,,,
12/9/16 5:00 AM,3,1,0,0,0,2,1,2,0,9,,,
12/9/16 6:00 AM,0,0,3,0,0,0,0,1,1,5,,,
12/9/16 7:00 AM,1,1,0,0,0,1,3,1,0,7,,,
12/9/16 8:00 AM,2,0,1,0,0,1,1,1,0,6,,,
12/9/16 9:00 AM,1,1,3,0,0,1,3,0,2,11,,,
12/9/16 10:00 AM,1,1,2,0,0,1,0,1,0,6,,,
12/9/16 11:00 AM,0,1,1,0,1,1,1,0,2,7,,,
12/9/16 12:00 PM,1,1,1,0,0,1,0,0,2,6,,,
12/9/16 1:00 PM,0,1,1,0,2,1,1,2,0,8,,,
12/9/16 2:00 PM,2,1,3,1,0,1,0,2,1,11,,,
12/9/16 3:00 PM,2,0,1,1,0,1,2,0,0,7,,,
12/9/16 4:00 PM,0,0,1,0,1,1,2,0,0,5,,,
12/9/16 5:00 PM,1,1,1,0,0,1,3,1,1,9,,,
12/9/16 6:00 PM,2,0,0,0,0,1,1,1,1,6,,,
12/9/16 7:00 PM,1,1,2,1,0,1,0,0,0,6,,,
12/9/16 8:00 PM,2,0,0,0,0,1,2,0,0,5,,,
12/9/16 9:00 PM,2,1,0,0,1,0,0,1,1,6,,,
12/9/16 10:00 PM,2,1,0,0,1,1,1,2,2,10,,,
12/9/16 11:00 PM,1,2,3,0,0,1,0,3,0,10,,,
12/10/16 12:00 AM,1,0,3,1,0,1,0,1,0,7,,,
12/10/16 1:00 AM,2,2,2,0,0,0,1,1,2,10,,,
12/10/16 2:00 AM,1,1,2,0,0,1,1,0,1,7,,,
12/10/16 3:00 AM,1,0,3,0,0,1,1,0,1,7,,,
12/10/16 4:00 AM,1,0,1,0,0,0,0,0,1,3,,,
12/10/16 5:00 AM,0,0,3,0,1,1,0,0,0,5,,,
12/10/16 6:00 AM,2,1,0,1,0,3,1,0,0,8,,,
12/10/16 7:00 AM,2,0,2,0,0,1,0,1,2,8,,,
12/10/16 8:00 AM,3,2,2,0,0,0,1,0,0,8,,,
12/10/16 9:00 AM,0,4,1,0,1,0,1,1,0,8,,,
12/10/16 10:00 AM,1,2,2,0,0,0,3,3,1,12,,,
12/10/16 11:00 AM,1,0,1,0,0,1,1,2,0,6,,,
12/10/16 12:00 PM,1,1,0,1,0,1,0,2,0,6,,,
12/10/16 1:00 PM,4,0,0,0,0,2,1,1,1,9,,,
12/10/16 2:00 PM,2,4,0,1,1,2,2,1,1,14,,,
12/10/16 3:00 PM,1,0,0,0,1,1,1,2,1,7,,,
12/10/16 4:00 PM,2,4,1,0,1,0,2,2,0,12,,,
12/10/16 5:00 PM,2,0,2,0,0,1,0,2,3,10,,,
12/10/16 6:00 PM,1,0,1,0,2,1,2,1,0,8,,,
12/10/16 7:00 PM,4,1,0,0,0,2,2,1,1,11,,,
12/10/16 8:00 PM,3,2,1,0,1,1,1,1,3,13,,,
12/10/16 9:00 PM,4,1,2,0,0,1,0,1,1,10,,,
12/10/16 10:00 PM,4,3,2,0,0,1,0,2,2,14,,,
12/10/16 11:00 PM,2,1,0,0,0,1,1,1,1,7,,,
12/11/16 12:00 AM,2,3,1,0,0,1,0,0,0,7,,,
12/11/16 1:00 AM,1,1,2,0,0,1,0,2,2,9,,,
12/11/16 2:00 AM,3,3,3,0,1,2,1,2,0,15,,,
12/11/16 3:00 AM,0,1,1,1,1,2,1,0,1,8,,,
12/11/16 4:00 AM,1,2,1,0,1,1,2,2,1,11,,,
12/11/16 5:00 AM,2,1,1,1,0,2,0,1,1,9,,,
12/11/16 6:00 AM,0,2,0,0,1,1,1,0,0,5,,,
12/11/16 7:00 AM,2,1,2,0,1,1,2,0,0,9,,,
12/11/16 8:00 AM,1,2,3,0,0,1,3,0,1,11,,,
12/11/16 9:00 AM,2,2,1,0,0,2,2,0,0,9,,,
12/11/16 10:00 AM,1,1,1,1,1,1,0,1,1,8,,,
12/11/16 11:00 AM,2,1,1,0,1,2,3,1,1,12,,,
12/11/16 12:00 PM,2,1,2,0,0,1,1,2,0,9,,,
12/11/16 1:00 PM,1,0,2,0,0,2,1,1,1,8,,,
12/11/16 2:00 PM,1,1,1,1,0,1,0,1,1,7,,,
12/11/16 3:00 PM,3,2,0,0,0,2,2,2,1,12,,,
12/11/16 4:00 PM,2,0,0,0,1,1,0,2,0,6,,,
12/11/16 5:00 PM,1,3,3,0,0,3,1,2,0,13,,,
12/11/16 6:00 PM,3,1,0,0,0,1,2,2,0,9,,,
12/11/16 7:00 PM,1,1,1,0,1,1,1,2,0,8,,,
12/11/16 8:00 PM,1,0,2,0,0,2,2,0,0,7,,,
12/11/16 9:00 PM,0,0,3,1,0,2,2,0,0,8,,,
12/11/16 10:00 PM,0,1,1,0,0,2,1,0,0,5,,,
12/11/16 11:00 PM,1,3,1,0,0,3,0,1,0,9,,,
12/12/16 12:00 AM,2,0,1,0,0,2,2,2,0,9,,,
12/12/16 1:00 AM,1,2,0,0,1,3,1,1,0,9,,,
12/12/16 2:00 AM,2,2,1,0,1,2,1,2,0,11,,,
12/12/16 3:00 AM,1,2,2,0,0,0,1,2,0,8,,,
12/12/16 4:00 AM,1,0,0,0,0,1,0,0,0,2,,,
12/12/16 5:00 AM,2,1,0,0,0,1,0,1,0,5,,,
12/12/16 6:00 AM,2,2,0,0,0,1,2,0,1,8,,,
12/12/16 7:00 AM,0,0,0,1,0,1,1,2,1,6,,,
12/12/16 8:00 AM,2,1,2,0,0,0,0,1,1,7,,,
12/12/16 9:00 AM,1,1,0,0,0,0,1,2,0,5,,,
12/12/16 10:00 AM,2,1,0,1,1,1,0,1,0,7,,,
12/12/16 11:00 AM,2,2,1,0,0,0,2,2,2,11,,,
12/12/16 12:00 PM,1,2,1,0,0,4,2,0,1,11,,,
12/12/16 1:00 PM,1,1,0,0,0,0,1,1,0,4,,,
12/12/16 2:00 PM,0,0,3,0,0,2,1,2,1,9,,,
12/12/16 3:00 PM,1,3,1,0,0,0,1,1,1,8,,,
12/12/16 4:00 PM,2,1,2,1,1,0,1,0,0,8,,,
12/12/16 5:00 PM,2,2,1,0,0,1,3,1,0,10,,,
12/12/16 6:00 PM,3,0,1,0,0,1,2,1,0,8,,,
12/12/16 7:00 PM,2,1,1,0,0,1,2,0,1,8,,,
12/12/16 8:00 PM,2,1,1,0,0,1,2,2,0,9,,,
12/12/16 9:00 PM,2,1,2,0,1,1,0,0,1,8,,,
12/12/16 10:00 PM,2,2,0,0,0,2,2,2,0,10,,,
12/12/16 11:00 PM,1,3,1,0,0,1,0,0,0,6,,,
12/13/16 12:00 AM,2,1,1,0,1,1,2,1,2,11,,,
12/13/16 1:00 AM,1,0,1,0,0,1,0,1,0,4,,,
12/13/16 2:00 AM,1,0,2,0,0,2,1,1,1,8,,,
12/13/16 3:00 AM,1,1,0,0,1,0,2,1,0,6,,,
12/13/16 4:00 AM,2,0,1,0,0,0,2,2,2,9,,,
12/13/16 5:00 AM,1,0,0,0,0,0,1,1,0,3,,,
12/13/16 6:00 AM,2,1,1,1,1,1,2,2,1,12,,,
12/13/16 7:00 AM,2,2,1,1,0,1,1,1,1,10,,,
12/13/16 8:00 AM,3,1,1,0,2,0,1,0,0,8,,,
12/13/16 9:00 AM,2,2,0,0,0,0,3,1,0,8,,,
12/13/16 10:00 AM,1,0,2,1,0,1,0,0,0,5,,,
12/13/16 11:00 AM,1,3,1,2,0,0,1,1,2,11,,,
12/13/16 12:00 PM,0,1,1,0,0,0,2,2,1,7,,,
12/13/16 1:00 PM,3,0,0,0,0,2,1,1,1,8,,,
12/13/16 2:00 PM,1,2,1,0,1,1,0,1,0,7,,,
12/13/16 3:00 PM,4,2,1,1,1,0,2,2,1,14,,,
12/13/16 4:00 PM,2,2,0,0,0,2,1,0,0,7,,,
12/13/16 5:00 PM,2,1,1,1,0,1,1,1,1,9,,,
12/13/16 6:00 PM,2,0,1,0,0,0,0,2,0,5,,,
12/13/16 7:00 PM,2,1,4,1,0,0,1,0,0,9,,,
12/13/16 8:00 PM,3,0,0,0,0,1,1,1,1,7,,,
12/13/16 9:00 PM,2,2,1,0,0,1,1,1,2,10,,,
12/13/16 10:00 PM,2,2,1,0,0,3,1,0,0,9,,,
12/13/16 11:00 PM,4,1,2,0,1,2,0,2,0,12,,,
12/14/16 12:00 AM,2,1,1,1,0,1,2,1,1,10,,,
12/14/16 1:00 AM,0,1,1,0,0,0,1,1,2,6,,,
12/14/16 2:00 AM,2,3,3,0,0,2,0,1,0,11,,,
12/14/16 3:00 AM,2,1,1,0,0,0,0,1,0,5,,,
12/14/16 4:00 AM,1,1,2,0,1,0,0,1,0,6,,,
12/14/16 5:00 AM,0,2,1,0,0,1,0,0,0,4,,,
12/14/16 6:00 AM,0,1,1,2,0,1,1,2,1,9,,,
12/14/16 7:00 AM,2,1,1,1,2,0,2,1,3,13,,,
12/14/16 8:00 AM,1,2,3,0,0,0,3,0,1,10,,,
12/14/16 9:00 AM,3,2,1,0,0,1,1,0,0,8,,,
12/14/16 10:00 AM,0,1,1,0,0,0,2,1,1,6,,,
12/14/16 11:00 AM,0,1,3,1,0,1,1,1,1,9,,,
12/14/16 12:00 PM,1,1,4,0,1,0,1,1,1,10,,,
12/14/16 1:00 PM,1,1,1,0,0,1,0,0,2,6,,,
12/14/16 2:00 PM,1,2,1,0,1,1,1,0,1,8,,,
12/14/16 3:00 PM,3,1,3,0,2,2,1,2,1,15,,,
12/14/16 4:00 PM,1,2,1,1,0,1,1,1,0,8,,,
12/14/16 5:00 PM,2,2,1,0,0,1,0,0,2,8,,,
12/14/16 6:00 PM,2,0,1,2,1,1,0,1,0,8,,,
12/14/16 7:00 PM,2,0,1,0,0,1,2,3,1,10,,,
12/14/16 8:00 PM,0,0,0,0,0,3,2,0,1,6,,,
12/14/16 9:00 PM,1,1,1,0,0,1,2,0,2,8,,,
12/14/16 10:00 PM,2,0,1,0,1,2,3,2,2,13,,,
12/14/16 11:00 PM,1,2,2,0,0,1,1,2,0,9,,,
12/15/16 12:00 AM,2,1,0,0,1,0,2,1,1,8,,,
12/15/16 1:00 AM,2,2,1,0,0,2,1,0,0,8,,,
12/15/16 2:00 AM,0,0,1,0,1,0,2,2,0,6,,,
12/15/16 3:00 AM,1,1,1,0,0,1,0,0,1,5,,,
12/15/16 4:00 AM,3,3,0,1,0,1,2,1,0,11,,,
12/15/16 5:00 AM,2,0,0,1,0,1,2,1,0,7,,,
12/15/16 6:00 AM,1,1,1,0,0,1,2,2,0,8,,,
12/15/16 7:00 AM,3,1,0,0,1,1,0,0,0,6,,,
12/15/16 8:00 AM,2,1,2,0,0,0,2,2,1,10,,,
12/15/16 9:00 AM,1,1,2,0,0,2,0,1,0,7,,,
12/15/16 10:00 AM,2,1,1,0,1,1,1,0,1,8,,,
12/15/16 11:00 AM,2,2,2,1,0,0,1,1,1,10,,,
12/15/16 12:00 PM,2,1,1,1,2,1,1,1,1,11,,,
12/15/16 1:00 PM,1,0,2,0,0,1,1,2,0,7,,,
12/15/16 2:00 PM,2,0,2,0,1,0,0,1,0,6,,,
12/15/16 3:00 PM,3,1,0,1,1,2,0,1,1,10,,,
12/15/16 4:00 PM,1,2,1,0,0,1,0,2,0,7,,,
12/15/16 5:00 PM,2,0,0,0,0,2,2,1,1,8,,,
12/15/16 6:00 PM,1,1,1,1,0,1,1,2,1,9,,,
12/15/16 7:00 PM,4,1,0,0,0,0,2,2,1,10,,,
12/15/16 8:00 PM,3,1,0,0,0,1,2,1,1,9,,,
12/15/16 9:00 PM,1,1,0,0,0,1,2,0,0,5,,,
12/15/16 10:00 PM,2,1,2,1,0,0,1,1,1,9,,,
12/15/16 11:00 PM,1,1,2,0,1,1,0,1,1,8,,,
12/16/16 12:00 AM,1,2,0,0,0,1,1,1,0,6,,,
12/16/16 1:00 AM,3,0,0,1,0,0,1,0,2,7,,,
12/16/16 2:00 AM,1,0,2,0,0,0,0,1,0,4,,,
12/16/16 3:00 AM,0,2,1,0,0,2,1,2,0,8,,,
12/16/16 4:00 AM,1,0,1,0,1,1,0,2,0,6,,,
12/16/16 5:00 AM,3,2,1,0,1,0,1,1,1,10,,,
12/16/16 6:00 AM,1,2,1,1,0,2,0,1,0,8,,,
12/16/16 7:00 AM,4,0,0,0,0,0,2,1,1,8,,,
12/16/16 8:00 AM,1,1,2,0,0,1,0,3,0,8,,,
12/16/16 9:00 AM,1,0,3,0,0,2,0,0,0,6,,,
12/16/16 10:00 AM,0,1,2,0,1,2,2,0,0,8,,,
12/16/16 11:00 AM,2,1,1,1,1,3,1,1,2,13,,,
12/16/16 12:00 PM,2,2,0,1,0,1,0,0,0,6,,,
12/16/16 1:00 PM,1,1,1,0,0,1,1,2,0,7,,,
12/16/16 2:00 PM,2,2,2,0,0,1,3,2,1,13,,,
12/16/16 3:00 PM,1,1,1,0,1,1,2,2,1,10,,,
12/16/16 4:00 PM,1,1,1,0,0,1,1,2,0,7,,,
12/16/16 5:00 PM,3,3,4,0,0,1,0,1,1,13,,,
12/16/16 6:00 PM,1,2,1,0,0,0,1,0,1,6,,,
12/16/16 7:00 PM,2,1,2,1,0,1,1,1,1,10,,,
12/16/16 8:00 PM,2,0,1,0,0,0,1,0,0,4,,,
12/16/16 9:00 PM,3,1,1,0,0,1,0,1,0,7,,,
12/16/16 10:00 PM,3,2,3,0,0,0,1,0,0,9,,,
12/16/16 11:00 PM,4,1,0,0,0,0,2,1,0,8,,,
12/17/16 12:00 AM,0,1,1,0,0,2,2,0,1,7,,,
12/17/16 1:00 AM,1,0,2,0,0,1,1,1,1,7,,,
12/17/16 2:00 AM,1,1,2,0,0,1,0,1,0,6,,,
12/17/16 3:00 AM,2,1,1,0,0,2,4,0,0,10,,,
12/17/16 4:00 AM,3,2,2,1,0,1,0,1,1,11,,,
12/17/16 5:00 AM,2,3,1,0,0,4,1,1,1,13,,,
12/17/16 6:00 AM,3,1,1,0,0,2,1,0,1,9,,,
12/17/16 7:00 AM,1,1,3,0,0,1,2,0,0,8,,,
12/17/16 8:00 AM,1,1,0,0,0,0,1,0,1,4,,,
12/17/16 9:00 AM,1,3,0,0,0,2,3,1,2,12,,,
12/17/16 10:00 AM,0,2,2,0,1,0,1,1,1,8,,,
12/17/16 11:00 AM,3,0,1,0,0,0,2,2,2,10,,,
12/17/16 12:00 PM,3,0,0,0,0,0,1,0,1,5,,,
12/17/16 1:00 PM,1,0,0,1,0,2,1,1,2,8,,,
12/17/16 2:00 PM,1,1,3,0,0,0,0,1,1,7,,,
12/17/16 3:00 PM,1,1,1,0,1,0,3,1,0,8,,,
12/17/16 4:00 PM,0,1,0,0,0,0,0,0,2,3,,,
12/17/16 5:00 PM,2,1,1,1,0,1,0,1,0,7,,,
12/17/16 6:00 PM,1,1,3,0,1,3,1,1,2,13,,,
12/17/16 7:00 PM,4,3,1,0,0,2,3,3,0,16,,,
12/17/16 8:00 PM,2,0,1,1,1,1,0,2,0,8,,,
12/17/16 9:00 PM,0,0,1,0,0,0,2,2,0,5,,,
12/17/16 10:00 PM,4,2,0,0,1,0,0,0,0,7,,,
12/17/16 11:00 PM,1,0,0,0,0,0,0,3,1,5,,,
12/18/16 12:00 AM,3,2,2,2,1,2,0,1,1,14,,,
12/18/16 1:00 AM,1,1,0,1,0,0,0,3,0,6,,,
12/18/16 2:00 AM,1,1,1,0,1,2,3,3,1,13,,,
12/18/16 3:00 AM,3,1,1,0,0,2,0,2,0,9,,,
12/18/16 4:00 AM,0,2,2,0,0,0,1,0,1,6,,,
12/18/16 5:00 AM,2,0,0,0,1,1,1,3,1,9,,,
12/18/16 6:00 AM,0,0,1,0,0,1,1,1,0,4,,,
12/18/16 7:00 AM,1,1,2,0,1,3,1,2,0,11,,,
12/18/16 8:00 AM,1,3,1,1,0,2,1,1,1,11,,,
12/18/16 9:00 AM,1,1,1,0,0,1,1,1,0,6,,,
12/18/16 10:00 AM,1,1,2,0,0,1,1,1,0,7,,,
12/18/16 11:00 AM,0,2,0,0,0,1,1,1,0,5,,,
12/18/16 12:00 PM,2,1,1,0,1,0,2,0,2,9,,,
12/18/16 1:00 PM,1,1,0,0,0,2,0,0,0,4,,,
12/18/16 2:00 PM,0,2,1,1,0,1,1,2,0,8,,,
12/18/16 3:00 PM,0,1,1,0,0,1,2,0,0,5,,,
12/18/16 4:00 PM,2,2,2,0,0,2,1,1,2,12,,,
12/18/16 5:00 PM,2,2,2,0,0,0,0,1,0,7,,,
12/18/16 6:00 PM,2,2,1,1,0,1,0,2,1,10,,,
12/18/16 7:00 PM,1,2,0,1,0,3,1,0,1,9,,,
12/18/16 8:00 PM,2,2,2,0,1,2,2,0,0,11,,,
12/18/16 9:00 PM,1,1,3,0,0,1,2,0,1,9,,,
12/18/16 10:00 PM,1,0,1,0,0,1,1,1,2,7,,,
12/18/16 11:00 PM,1,0,0,0,0,2,1,1,1,6,,,
12/19/16 12:00 AM,1,2,2,0,0,1,1,2,0,9,,,
12/19/16 1:00 AM,1,0,2,0,0,0,3,2,1,9,,,
12/19/16 2:00 AM,2,3,1,0,0,1,2,1,2,12,,,
12/19/16 3:00 AM,1,1,0,0,0,1,1,1,2,7,,,
12/19/16 4:00 AM,2,0,1,1,0,0,1,1,0,6,,,
12/19/16 5:00 AM,3,0,1,0,0,2,1,1,0,8,,,
12/19/16 6:00 AM,1,3,1,0,1,0,2,1,0,9,,,
12/19/16 7:00 AM,1,0,2,0,0,1,3,1,1,9,,,
12/19/16 8:00 AM,1,2,0,1,1,0,1,1,0,7,,,
12/19/16 9:00 AM,2,0,0,0,2,0,3,1,0,8,,,
12/19/16 10:00 AM,4,2,2,0,0,1,1,2,2,14,,,
12/19/16 11:00 AM,3,2,1,0,1,1,0,1,1,10,,,
12/19/16 12:00 PM,1,1,0,0,0,0,1,1,0,4,,,
12/19/16 1:00 PM,1,2,1,1,0,2,2,0,0,9,,,
12/19/16 2:00 PM,1,2,2,0,0,0,1,1,1,8,,,
12/19/16 3:00 PM,1,1,2,0,0,2,2,2,1,11,,,
12/19/16 4:00 PM,1,1,3,0,0,1,2,0,1,9,,,
12/19/16 5:00 PM,2,2,0,0,0,0,1,1,1,7,,,
12/19/16 6:00 PM,2,2,0,1,0,0,1,1,2,9,,,
12/19/16 7:00 PM,2,1,0,0,0,1,1,2,1,8,,,
12/19/16 8:00 PM,2,1,1,0,0,1,0,1,0,6,,,
12/19/16 9:00 PM,2,1,1,0,0,2,2,0,0,8,,,
12/19/16 10:00 PM,0,1,1,0,1,1,1,1,0,6,,,
12/19/16 11:00 PM,2,1,1,2,0,1,2,2,0,11,,,
12/20/16 12:00 AM,1,1,0,1,0,1,1,1,1,7,,,
12/20/16 1:00 AM,2,1,0,0,1,0,2,2,2,10,,,
12/20/16 2:00 AM,2,1,2,0,1,0,3,1,0,10,,,
12/20/16 3:00 AM,2,1,1,2,0,0,2,3,0,11,,,
12/20/16 4:00 AM,2,1,0,0,0,0,1,0,1,5,,,
12/20/16 5:00 AM,2,0,2,0,0,1,0,0,2,7,,,
12/20/16 6:00 AM,2,1,1,0,0,0,0,4,2,10,,,
12/20/16 7:00 AM,1,2,1,1,0,1,0,0,0,6,,,
12/20/16 8:00 AM,0,0,0,0,0,1,0,3,1,5,,,
12/20/16 9:00 AM,2,2,0,0,1,0,2,2,1,10,,,
12/20/16 10:00 AM,2,2,0,1,1,0,0,3,1,10,,,
12/20/16 11:00 AM,3,2,1,0,0,1,2,4,1,14,,,
12/20/16 12:00 PM,1,2,1,1,0,2,2,1,0,10,,,
12/20/16 1:00 PM,1,0,2,0,0,1,1,0,1,6,,,
12/20/16 2:00 PM,2,1,2,0,0,0,1,0,1,7,,,
12/20/16 3:00 PM,2,0,2,0,1,0,1,2,2,10,,,
12/20/16 4:00 PM,3,1,2,0,0,1,0,2,1,10,,,
12/20/16 5:00 PM,2,2,0,0,0,0,1,3,0,8,,,
12/20/16 6:00 PM,2,1,0,1,0,1,1,0,1,7,,,
12/20/16 7:00 PM,4,1,2,0,0,1,0,0,0,8,,,
12/20/16 8:00 PM,1,1,1,0,0,1,0,1,1,6,,,
12/20/16 9:00 PM,1,2,3,0,0,1,2,0,0,9,,,
12/20/16 10:00 PM,2,2,2,0,0,2,0,2,1,11,,,
12/20/16 11:00 PM,1,0,1,0,1,1,2,1,2,9,,,
12/21/16 12:00 AM,2,1,2,1,0,1,1,0,1,9,,,
12/21/16 1:00 AM,4,1,2,0,0,1,0,0,0,8,,,
12/21/16 2:00 AM,0,1,1,0,0,0,1,0,0,3,,,
12/21/16 3:00 AM,2,1,1,1,1,0,2,0,0,8,,,
12/21/16 4:00 AM,2,1,1,1,0,1,2,0,0,8,,,
12/21/16 5:00 AM,2,3,1,0,1,1,1,1,2,12,,,
12/21/16 6:00 AM,2,3,1,1,0,2,0,2,0,11,,,
12/21/16 7:00 AM,2,1,2,0,0,1,0,0,1,7,,,
12/21/16 8:00 AM,2,0,2,1,1,2,3,0,3,14,,,
12/21/16 9:00 AM,1,1,0,2,1,1,2,1,1,10,,,
12/21/16 10:00 AM,1,0,2,0,0,3,2,1,0,9,,,
12/21/16 11:00 AM,2,1,1,0,0,1,0,2,0,7,,,
12/21/16 12:00 PM,0,1,2,1,0,0,1,0,1,6,,,
12/21/16 1:00 PM,1,1,0,0,0,1,2,1,0,6,,,
12/21/16 2:00 PM,2,0,2,0,0,0,1,1,1,7,,,
12/21/16 3:00 PM,0,1,0,0,0,1,1,1,1,5,,,
12/21/16 4:00 PM,3,0,1,1,0,2,1,1,0,9,,,
12/21/16 5:00 PM,2,2,0,0,1,1,1,2,1,10,,,
12/21/16 6:00 PM,1,0,0,0,2,0,1,1,1,6,,,
12/21/16 7:00 PM,1,2,1,2,0,1,3,0,1,11,,,
12/21/16 8:00 PM,3,0,2,0,0,2,1,1,0,9,,,
12/21/16 9:00 PM,2,2,2,0,0,0,2,0,2,10,,,
12/21/16 10:00 PM,0,4,1,0,1,1,2,1,1,11,,,
12/21/16 11:00 PM,0,0,1,2,0,0,1,1,1,6,,,
12/22/16 12:00 AM,2,1,3,0,0,1,2,2,2,13,,,
12/22/16 1:00 AM,3,0,0,1,0,2,0,1,1,8,,,
12/22/16 2:00 AM,3,1,0,0,0,2,1,2,2,11,,,
12/22/16 3:00 AM,0,1,0,0,0,2,2,1,1,7,,,
12/22/16 4:00 AM,4,1,2,0,0,0,0,1,1,9,,,
12/22/16 5:00 AM,1,2,0,0,0,1,1,1,1,7,,,
12/22/16 6:00 AM,2,0,0,0,0,1,2,1,1,7,,,
12/22/16 7:00 AM,1,2,0,1,0,2,1,1,1,9,,,
12/22/16 8:00 AM,1,1,0,1,0,4,1,1,0,9,,,
12/22/16 9:00 AM,1,2,1,1,0,3,2,1,2,13,,,
12/22/16 10:00 AM,2,1,0,0,0,1,0,1,0,5,,,
12/22/16 11:00 AM,1,2,1,0,0,3,0,2,1,10,,,
12/22/16 12:00 PM,1,1,2,0,1,1,0,1,0,7,,,
12/22/16 1:00 PM,1,2,0,0,0,1,0,3,0,7,,,
12/22/16 2:00 PM,0,1,2,1,0,1,0,1,1,7,,,
12/22/16 3:00 PM,2,0,0,2,0,2,0,0,0,6,,,
12/22/16 4:00 PM,2,2,1,0,0,1,1,1,0,8,,,
12/22/16 5:00 PM,1,2,2,0,0,1,1,1,0,8,,,
12/22/16 6:00 PM,1,4,1,0,0,1,1,1,2,11,,,
12/22/16 7:00 PM,4,2,0,0,0,0,0,1,0,7,,,
12/22/16 8:00 PM,1,2,2,0,0,0,2,2,0,9,,,
12/22/16 9:00 PM,3,0,3,0,0,3,1,3,0,13,,,
12/22/16 10:00 PM,3,0,0,1,0,2,1,3,0,10,,,
12/22/16 11:00 PM,1,1,1,1,0,1,1,1,0,7,,,
12/23/16 12:00 AM,2,1,1,0,0,0,0,1,1,6,,,
12/23/16 1:00 AM,3,1,1,0,0,0,1,0,0,6,,,
12/23/16 2:00 AM,2,2,0,0,0,1,2,2,1,10,,,
12/23/16 3:00 AM,0,1,3,0,1,0,1,1,0,7,,,
12/23/16 4:00 AM,3,0,1,0,0,0,1,1,0,6,,,
12/23/16 5:00 AM,1,2,2,0,0,1,2,2,1,11,,,
12/23/16 6:00 AM,1,1,3,0,0,1,1,1,1,9,,,
12/23/16 7:00 AM,2,1,1,0,0,0,1,0,2,7,,,
12/23/16 8:00 AM,2,2,1,0,0,1,2,1,1,10,,,
12/23/16 9:00 AM,1,0,0,0,0,1,1,0,1,4,,,
12/23/16 10:00 AM,3,1,2,0,0,0,0,2,1,9,,,
12/23/16 11:00 AM,0,1,2,0,1,0,1,0,1,6,,,
12/23/16 12:00 PM,3,1,2,0,0,0,0,1,0,7,,,
12/23/16 1:00 PM,3,1,2,0,1,2,2,1,2,14,,,
12/23/16 2:00 PM,3,1,2,0,0,1,2,1,0,10,,,
12/23/16 3:00 PM,2,0,1,0,0,0,1,1,2,7,,,
12/23/16 4:00 PM,3,0,2,2,0,1,1,2,1,12,,,
12/23/16 5:00 PM,2,1,0,1,0,1,0,1,0,6,,,
12/23/16 6:00 PM,0,2,1,0,0,1,2,2,0,8,,,
12/23/16 7:00 PM,3,0,2,0,0,2,2,1,1,11,,,
12/23/16 8:00 PM,2,1,1,0,0,0,1,2,1,8,,,
12/23/16 9:00 PM,3,2,2,1,0,1,1,2,1,13,,,
12/23/16 10:00 PM,1,2,1,0,0,0,0,1,0,5,,,
12/23/16 11:00 PM,1,2,3,0,0,0,2,0,0,8,,,
12/24/16 12:00 AM,1,1,1,0,0,3,3,1,3,13,,,
12/24/16 1:00 AM,1,1,3,0,0,2,3,0,1,11,,,
12/24/16 2:00 AM,3,0,1,0,1,1,1,0,1,8,,,
12/24/16 3:00 AM,2,0,2,0,0,0,0,2,2,8,,,
12/24/16 4:00 AM,3,1,1,0,0,1,2,2,0,10,,,
12/24/16 5:00 AM,2,0,1,0,0,2,1,0,0,6,,,
12/24/16 6:00 AM,0,1,1,0,1,1,0,2,1,7,,,
12/24/16 7:00 AM,2,1,1,0,0,1,1,1,0,7,,,
12/24/16 8:00 AM,1,1,1,0,0,1,0,1,1,6,,,
12/24/16 9:00 AM,2,0,1,0,1,2,2,2,0,10,,,
12/24/16 10:00 AM,2,2,1,0,1,3,0,2,1,12,,,
12/24/16 11:00 AM,1,2,3,0,0,1,1,1,0,9,,,
12/24/16 12:00 PM,2,1,1,0,0,0,2,1,2,9,,,
12/24/16 1:00 PM,1,1,2,0,0,1,2,1,2,10,,,
12/24/16 2:00 PM,1,3,1,0,0,0,2,1,2,10,,,
12/24/16 3:00 PM,3,1,2,2,0,2,2,3,0,15,,,
12/24/16 4:00 PM,2,3,1,0,0,1,2,1,0,10,,,
12/24/16 5:00 PM,2,1,1,0,2,0,2,0,0,8,,,
12/24/16 6:00 PM,1,2,1,0,0,1,0,0,0,5,,,
12/24/16 7:00 PM,3,0,1,0,0,1,2,0,2,9,,,
12/24/16 8:00 PM,3,0,0,0,0,2,2,0,0,7,,,
12/24/16 9:00 PM,2,0,0,0,0,2,1,1,0,6,,,
12/24/16 10:00 PM,2,2,2,0,1,0,1,2,0,10,,,
12/24/16 11:00 PM,1,1,0,1,0,1,0,0,1,5,,,
12/25/16 12:00 AM,1,2,0,0,1,0,2,1,0,7,,,
12/25/16 1:00 AM,1,1,0,0,1,0,1,1,1,6,,,
12/25/16 2:00 AM,0,0,1,0,0,1,1,2,0,5,,,
12/25/16 3:00 AM,1,1,1,0,0,1,1,1,0,6,,,
12/25/16 4:00 AM,0,0,1,0,1,1,1,2,0,6,,,
12/25/16 5:00 AM,3,2,2,1,0,1,2,1,1,13,,,
12/25/16 6:00 AM,1,1,1,0,0,2,2,0,1,8,,,
12/25/16 7:00 AM,1,0,1,0,0,1,0,0,0,3,,,
12/25/16 8:00 AM,4,1,1,0,1,1,0,1,0,9,,,
12/25/16 9:00 AM,2,0,1,0,0,0,2,2,2,9,,,
12/25/16 10:00 AM,1,0,1,0,0,1,2,1,1,7,,,
12/25/16 11:00 AM,2,1,1,1,0,1,2,0,0,8,,,
12/25/16 12:00 PM,2,2,2,0,0,2,1,2,0,11,,,
12/25/16 1:00 PM,3,1,0,0,0,1,2,2,1,10,,,
12/25/16 2:00 PM,2,2,2,1,1,1,2,2,1,14,,,
12/25/16 3:00 PM,2,4,2,1,0,0,1,3,0,13,,,
12/25/16 4:00 PM,2,1,1,0,1,2,1,3,0,11,,,
12/25/16 5:00 PM,1,0,0,0,0,2,0,2,1,6,,,
12/25/16 6:00 PM,3,1,0,0,0,1,2,0,0,7,,,
12/25/16 7:00 PM,2,1,2,0,1,0,1,1,0,8,,,
12/25/16 8:00 PM,0,1,2,0,0,0,1,1,3,8,,,
12/25/16 9:00 PM,3,2,1,0,0,1,2,0,2,11,,,
12/25/16 10:00 PM,4,1,1,1,1,4,2,1,0,15,,,
12/25/16 11:00 PM,2,1,1,0,0,0,1,1,0,6,,,
12/26/16 12:00 AM,2,1,1,0,0,2,0,0,0,6,,,
12/26/16 1:00 AM,0,0,1,0,0,1,1,0,0,3,,,
12/26/16 2:00 AM,3,2,0,0,0,0,1,2,0,8,,,
12/26/16 3:00 AM,0,0,0,0,0,0,0,0,1,1,,,
12/26/16 4:00 AM,2,0,0,1,0,1,0,2,1,7,,,
12/26/16 5:00 AM,1,2,0,1,1,0,1,2,0,8,,,
12/26/16 6:00 AM,2,1,0,0,0,0,3,4,1,11,,,
12/26/16 7:00 AM,3,3,2,1,0,0,3,1,0,13,,,
12/26/16 8:00 AM,0,1,1,1,0,1,0,0,2,6,,,
12/26/16 9:00 AM,1,2,2,0,0,2,0,1,2,10,,,
12/26/16 10:00 AM,2,1,0,1,0,0,1,2,0,7,,,
12/26/16 11:00 AM,2,0,0,1,0,1,1,1,0,6,,,
12/26/16 12:00 PM,1,2,0,0,1,3,3,2,1,13,,,
12/26/16 1:00 PM,4,1,0,0,0,0,1,1,2,9,,,
12/26/16 2:00 PM,3,1,1,1,0,1,1,2,1,11,,,
12/26/16 3:00 PM,1,0,1,0,0,0,0,2,0,4,,,
12/26/16 4:00 PM,1,0,2,0,1,1,1,2,1,9,,,
12/26/16 5:00 PM,1,1,0,0,0,1,2,0,1,6,,,
12/26/16 6:00 PM,1,0,1,1,0,2,0,0,0,5,,,
12/26/16 7:00 PM,1,2,1,0,1,1,1,1,2,10,,,
12/26/16 8:00 PM,2,4,1,1,0,1,1,1,1,12,,,
12/26/16 9:00 PM,1,1,1,0,1,1,1,1,1,8,,,
12/26/16 10:00 PM,4,1,0,1,1,1,2,2,1,13,,,
12/26/16 11:00 PM,3,1,2,0,0,2,0,0,0,8,,,
12/27/16 12:00 AM,2,0,0,0,0,0,1,1,0,4,,,
12/27/16 1:00 AM,1,3,3,0,0,1,1,0,1,10,,,
12/27/16 2:00 AM,3,0,2,0,2,0,1,1,2,11,,,
12/27/16 3:00 AM,2,2,0,0,0,0,0,2,0,6,,,
12/27/16 4:00 AM,2,2,3,0,0,1,1,2,0,11,,,
12/27/16 5:00 AM,0,2,2,0,0,1,1,1,0,7,,,
12/27/16 6:00 AM,0,0,1,0,0,2,2,0,0,5,,,
12/27/16 7:00 AM,2,1,0,0,1,2,0,0,0,6,,,
12/27/16 8:00 AM,3,1,2,0,0,0,1,0,0,7,,,
12/27/16 9:00 AM,1,1,1,0,1,2,0,2,1,9,,,
12/27/16 10:00 AM,3,0,0,0,1,2,0,1,3,10,,,
12/27/16 11:00 AM,3,1,3,0,1,2,1,0,0,11,,,
12/27/16 12:00 PM,1,1,0,0,0,1,0,1,2,6,,,
12/27/16 1:00 PM,0,1,1,1,1,1,2,1,1,9,,,
12/27/16 2:00 PM,1,2,2,0,0,0,0,3,0,8,,,
12/27/16 3:00 PM,2,0,2,0,1,1,0,0,0,6,,,
12/27/16 4:00 PM,2,1,2,0,1,1,1,1,1,10,,,
12/27/16 5:00 PM,2,1,1,0,1,1,1,2,1,10,,,
12/27/16 6:00 PM,1,0,2,0,0,2,1,1,0,7,,,
12/27/16 7:00 PM,3,1,0,0,2,0,2,1,3,12,,,
12/27/16 8:00 PM,0,1,0,1,0,1,1,1,0,5,,,
12/27/16 9:00 PM,0,0,0,0,0,1,0,0,2,3,,,
12/27/16 10:00 PM,1,2,3,0,0,0,0,0,0,6,,,
12/27/16 11:00 PM,2,0,2,0,0,3,0,1,1,9,,,
12/28/16 12:00 AM,2,3,1,0,1,1,1,1,0,10,,,
12/28/16 1:00 AM,1,0,3,0,0,0,1,3,1,9,,,
12/28/16 2:00 AM,0,2,0,1,0,2,1,1,1,8,,,
12/28/16 3:00 AM,1,1,0,0,1,1,1,1,0,6,,,
12/28/16 4:00 AM,1,0,0,0,0,1,1,2,0,5,,,
12/28/16 5:00 AM,1,0,3,0,0,0,1,0,0,5,,,
12/28/16 6:00 AM,1,2,1,0,0,1,1,0,0,6,,,
12/28/16 7:00 AM,0,2,3,0,0,0,1,0,0,6,,,
12/28/16 8:00 AM,0,3,1,1,0,0,0,0,0,5,,,
12/28/16 9:00 AM,0,2,1,0,0,1,1,0,0,5,,,
12/28/16 10:00 AM,2,1,3,0,0,1,0,2,0,9,,,
12/28/16 11:00 AM,2,1,2,0,0,0,0,1,1,7,,,
12/28/16 12:00 PM,3,0,0,1,2,0,2,0,0,8,,,
12/28/16 1:00 PM,0,1,1,0,0,0,1,1,2,6,,,
12/28/16 2:00 PM,0,2,1,1,0,0,2,1,0,7,,,
12/28/16 3:00 PM,3,0,1,0,0,1,1,1,2,9,,,
12/28/16 4:00 PM,1,0,1,0,0,0,1,2,0,5,,,
12/28/16 5:00 PM,0,1,3,0,0,2,2,1,0,9,,,
12/28/16 6:00 PM,1,1,0,0,1,0,1,1,1,6,,,
12/28/16 7:00 PM,1,0,1,0,0,0,1,0,0,3,,,
12/28/16 8:00 PM,2,1,2,0,0,2,2,3,1,13,,,
12/28/16 9:00 PM,2,0,2,1,0,3,0,1,0,9,,,
12/28/16 10:00 PM,1,2,1,0,0,1,0,0,1,6,,,
12/28/16 11:00 PM,2,1,1,0,0,2,0,1,2,9,,,
12/29/16 12:00 AM,3,0,1,0,0,3,0,1,2,10,,,
12/29/16 1:00 AM,2,2,2,0,0,3,1,0,0,10,,,
12/29/16 2:00 AM,1,1,2,1,0,1,2,1,1,10,,,
12/29/16 3:00 AM,3,0,0,0,1,2,1,3,1,11,,,
12/29/16 4:00 AM,1,0,2,0,1,0,3,0,1,8,,,
12/29/16 5:00 AM,4,1,2,0,0,1,2,0,0,10,,,
12/29/16 6:00 AM,2,2,0,1,0,2,1,2,1,11,,,
12/29/16 7:00 AM,2,1,2,1,0,1,2,1,0,10,,,
12/29/16 8:00 AM,1,2,1,1,0,0,0,1,1,7,,,
12/29/16 9:00 AM,1,0,2,0,0,1,1,1,2,8,,,
12/29/16 10:00 AM,2,2,0,0,1,0,1,0,0,6,,,
12/29/16 11:00 AM,2,2,1,1,0,1,2,2,1,12,,,
12/29/16 12:00 PM,1,2,1,0,1,1,3,3,2,14,,,
12/29/16 1:00 PM,2,2,1,1,0,2,2,1,1,12,,,
12/29/16 2:00 PM,1,1,0,0,0,1,1,2,1,7,,,
12/29/16 3:00 PM,3,1,0,0,0,1,0,1,2,8,,,
12/29/16 4:00 PM,1,2,2,0,1,0,0,1,0,7,,,
12/29/16 5:00 PM,3,1,1,0,0,2,2,3,1,13,,,
12/29/16 6:00 PM,3,1,0,0,0,2,1,0,2,9,,,
12/29/16 7:00 PM,2,3,1,0,0,3,2,2,0,13,,,
12/29/16 8:00 PM,2,1,2,0,0,2,1,0,2,10,,,
12/29/16 9:00 PM,2,0,0,1,0,1,0,2,0,6,,,
12/29/16 10:00 PM,1,1,0,0,0,1,1,1,2,7,,,
12/29/16 11:00 PM,1,1,1,0,0,0,2,0,2,7,,,
12/30/16 12:00 AM,1,3,0,0,1,2,2,1,1,11,,,
12/30/16 1:00 AM,1,1,0,0,0,1,1,1,0,5,,,
12/30/16 2:00 AM,2,2,0,0,0,0,1,2,0,7,,,
12/30/16 3:00 AM,2,0,2,0,0,0,1,2,2,9,,,
12/30/16 4:00 AM,1,0,2,0,0,1,0,1,1,6,,,
12/30/16 5:00 AM,3,1,1,1,1,1,1,1,0,10,,,
12/30/16 6:00 AM,1,1,0,1,0,1,0,0,1,5,,,
12/30/16 7:00 AM,2,0,1,1,1,1,3,2,1,12,,,
12/30/16 8:00 AM,1,0,0,0,0,3,1,0,0,5,,,
12/30/16 9:00 AM,2,0,0,0,0,2,1,1,1,7,,,
12/30/16 10:00 AM,2,2,1,1,0,2,3,1,2,14,,,
12/30/16 11:00 AM,2,0,2,1,0,1,2,2,0,10,,,
12/30/16 12:00 PM,2,0,1,1,0,2,2,2,2,12,,,
12/30/16 1:00 PM,2,1,1,0,0,1,0,0,0,5,,,
12/30/16 2:00 PM,3,2,1,0,0,1,0,2,1,10,,,
12/30/16 3:00 PM,1,0,1,0,0,2,0,1,1,6,,,
12/30/16 4:00 PM,1,2,1,0,0,0,3,1,0,8,,,
12/30/16 5:00 PM,1,1,0,0,0,1,0,1,2,6,,,
12/30/16 6:00 PM,0,1,2,1,0,3,1,1,1,10,,,
12/30/16 7:00 PM,1,2,1,0,0,1,1,0,0,6,,,
12/30/16 8:00 PM,2,1,2,0,0,0,0,1,1,7,,,
12/30/16 9:00 PM,2,1,1,0,0,0,2,2,1,9,,,
12/30/16 10:00 PM,1,0,1,0,0,2,0,2,1,7,,,
12/30/16 11:00 PM,1,1,1,0,2,1,0,1,2,9,,,
12/31/16 12:00 AM,1,1,3,0,0,3,1,2,0,11,,,
12/31/16 1:00 AM,1,2,2,0,0,1,1,0,1,8,,,
12/31/16 2:00 AM,1,1,1,1,0,0,1,1,0,6,,,
12/31/16 3:00 AM,2,3,1,1,0,0,2,3,1,13,,,
12/31/16 4:00 AM,2,0,2,0,1,3,1,1,0,10,,,
12/31/16 5:00 AM,2,2,1,0,0,0,1,1,1,8,,,
12/31/16 6:00 AM,1,1,2,0,0,0,0,1,1,6,,,
12/31/16 7:00 AM,1,2,0,0,0,2,2,0,0,7,,,
12/31/16 8:00 AM,0,3,2,0,1,2,1,0,1,10,,,
12/31/16 9:00 AM,2,2,1,0,0,0,2,2,1,10,,,
12/31/16 10:00 AM,1,1,2,0,1,1,0,2,0,8,,,
12/31/16 11:00 AM,1,0,2,0,0,2,2,1,2,10,,,
12/31/16 12:00 PM,1,1,1,0,0,2,1,3,1,10,,,
12/31/16 1:00 PM,2,1,1,0,0,2,1,0,1,8,,,
12/31/16 2:00 PM,2,1,1,0,0,3,1,1,1,10,,,
12/31/16 3:00 PM,3,2,1,0,0,2,3,1,1,13,,,
12/31/16 4:00 PM,1,1,0,0,0,3,2,1,0,8,,,
12/31/16 5:00 PM,3,1,0,0,0,2,1,1,0,8,,,
12/31/16 6:00 PM,1,0,0,0,0,1,1,0,0,3,,,
12/31/16 7:00 PM,1,1,1,0,0,2,1,2,0,8,,,
12/31/16 8:00 PM,3,1,0,1,0,1,1,2,0,9,,,
12/31/16 9:00 PM,1,1,1,1,0,1,2,2,0,9,,,
12/31/16 10:00 PM,3,1,3,0,0,0,2,2,0,11,,,
12/31/16 11:00 PM,1,1,1,0,0,1,1,2,1,8,,,
Grand Total,3501,2486,2346,945,887,2297,2484,2418,2597,19961,,,